"FilingID","Street 1","Street 2","City","State","Country","Postal Code","Private Residence","Telephone Number","Facsimile Number"
"871933","42 VIA MANZONI","","MILANO","","Italy","20121","N","0039027626191",""
"871933","1 ALMAGRO","","MADRID","","Spain","28010","N","0034913102748",""
"891310","48C PARK TOWERS I","1 KING'S ROAD","HONG KONG","","Hong kong","","Y","852229790388","85225228886"
"891318","SENTIENT ASSET MANAGEMENT CANADA LTD","MONTREAL HERALD BUILDING - 1001 SQ VICTORIA S 450","MONTREAL","","Canada","H2Z 2B1","N","1(514) 2232574","1(514) 2232575"
"891318","SENTIENT ASSET MANAGEMENT AUSTRALIA PTY LTD","LEVEL 44 GROSVENOR PLACE - 225 GEORGE STREET","SYDNEY","","Australia","NSW 2000","N","61 2 8243 2900","61 2 8243 2990"
"891438","2033 GATEWAY PLACE","SUITE 600","SAN JOSE","CA","United States","95110","N","408 382 9790",""
"883675","60 AVENUE HOCHE","","PARIS","","France","75008","N","+33 1 56 68 55",""
"883675","C/SERRANO, 26","","MADRID","","Spain","28001","N","+34 91 436 442",""
"883675","PLATZ DER EINHEIT 2","","FRANKFURT AM MAIN","","Germany","D-60327","N","+49 69 97 12 0",""
"883675","VIA DEI BOSSI 4","","MILAN","","Italy","20121","N","+39 02 806 068",""
"883675","BIBLIOTEKSGATAN 8","","STOCKHOLM","","Sweden","S-111 46","N","+46 8 545 0603",""
"889235","ARROYO 880, 6TH FLOOR, OF. 11-12","CAPITAL FEDERAL (1007)","BUENOS AIRES","","Argentina","","N","541143280758","541143280758"
"889235","CARRERA 9, Nº 80-45, OF. 801","","BOGOTÁ","","Colombia","110221","N","571-530-5177","571-530-5175"
"889235","GUILLERMO GONZÁLEZ CAMARENA 1600, OF. 4B","COL. CENTRO SANTA FE","MÉXICO 01210 DF","","Mexico","","N","5255-5292-6348","5255-5292-6316"
"890262","ARROYO 880, 6TH FLOOR , OF. 11-12","CAPITAL FEDERAL (1007)","BUENOS AIRES","","Argentina","","N","5411-4328-0758","5411-4328-0758"
"867728","250 NORTH BRIDGE ROAD, STE. #32-03A","RAFFLES CITY TOWER","SINGAPORE","","Singapore","179101","N","656311 5154","656311 5160"
"875960","1700 MONTGOMERY STREET","SUITE 440","SAN FRANCISCO","CA","United States","94111-1021","N","4159895100","4159895105"
"892302","1414 RALEIGH ROAD","STE. 415","CHAPEL HILL","NC","United States","27517-8834","N","919-883-3220","919-541-9978"
"892485","326 WHITE OAK RIDGE RD.","","SHORT HILLS","NJ","United States","07078","Y","212-317-2400","212-317-0684"
"892538","177 SABBADAY LANE","","WASHINGTON DEPOT","CT","United States","06794","Y","8608680585","86008682779"
"889060","2000 MCKINNEY AVENUE","STE 1200","DALLAS","TX","United States","75201-2013","N","(972) 630-6303","(214) 954-9995"
"889060","ONE WESTMINSTER PLACE","STE 108","LAKE FOREST","IL","United States","60045-5511","N","(847) 295-4214","(847) 574-5850"
"889264","ONE WESTMINSTER PLACE","STE 108","LAKE FOREST","IL","United States","60045-5511","N","(847) 295-4214","(847) 574-5850"
"889264","9225 LAKE HEFNER PARKWAY","STE 200","OKLAHOMA CITY","OK","United States","73120-2061","N","(405) 231-2400","(405) 231-2406"
"891982","1539 NANJING ROAD WEST, KERRY CENTER","TOWER 2, SUITE 1801","SHANGHAI","","China","200040","N","862162887757","862162887797"
"891982","11150 SANTA MONICA BOULEVARD","","LOS ANGELES","CA","United States","90025","N","(310) 477-7678","(310) 312-1868"
"888920","UNIT 3301, KERRY PARKSIDE OFFICE","1155 FANGDIAN ROAD, PUDONG DISTRICT","SHANGHAI","","China","201204","N","+862120281659","+862120281678"
"888920","UNIT 2005, AGRICULTURAL BANK OF CHINA TOWER","50 CONNAUGHT ROAD","CENTRAL","","Hong kong","","N","+852-36283298","+852-36283295"
"883221","500 LOVELL AVENUE","","MILL VALLEY","CA","United States","94941","N","212.608.3300","212.608.3307"
"892185","5410 MARDEN DRIVE","","DAVIS","CA","United States","95618","Y","530-759-9918","530-759-9918"
"893297","5410 MARDEN DRIVE","","DAVIS","CA","United States","95618","Y","530-759-9918","530-759-9918"
"865137","2080 NORTHWEST BOCA RATON BLVD.","SUITE 4","BOCA RATON","FL","United States","33431","N","(561) 287-4650","(561) 287-4651"
"875349","151 TREMONT STREET","SUITE 12F","BOSTON","MA","United States","02111","N","516-603-9357",""
"884088","2120 EAST GALBRAITH ROAD","BUILDING A, ROOM 161","CINCINNATI","OH","United States","45237-0507","N","513-558-6324","513-558-6364"
"890518","27/F KERRY PARKSIDE OFFICE","1155 FANGDIAN ROAD, PUDONG","SHANGHAI","","China","201204","N","86 21 68548938","86 21 61049577"
"872988","228 HAMILTON AVENUE","3RD FLOOR","PALO ALTO","CA","United States","94301","N","+1 650 7985352",""
"893663","9606 N. MOPAC EXPRESS WAY","","AUSTIN","TX","United States","78759","N","512-459-7100","512-451-4008"
"893663","841 GREENWAY DRIVE","","BEVERLY HILLS","CA","United States","90210","Y","415-385-9575",""
"894287","151 TREMONT STREET","SUITE 12F","BOSTON","MA","United States","02111","N","516-603-9357",""
"885217","DARLING PARK TOWER 2 LEVEL 21","201 SUSSEX STREET","SYDNEY","","Australia","2000","N","+33172283536",""
"891923","505 HAMILTON AVENUE","SUITE 330","PALO ALTO","CA","United States","94301","N","415-362-4022",""
"884367","505 HAMILTON AVENUE","SUITE 330","PALO ALTO","CA","United States","94301","N","415-362-4022",""
"891940","505 HAMILTON AVENUE","SUITE 330","PALO ALTO","CA","United States","94301","N","415-362-4022",""
"885974","1600 EL CAMINO REAL","SUITE 290","MENLO PARK","CA","United States","94025","N","650-681-0183",""
"894297","720 UNIVERSITY AVENUE","SUITE 200","PALO ALTO","CA","United States","94301","N","6502340400","6502340401"
"888111","MHC CORPORATE SERVICES","UGLAND HOUSE, CHURCH STREET","GEORGE TOWN, GRAND CAYMAN","","Cayman Islands","","N","1-345-814-5468",""
"888109","32F-1, INTERNATIONAL TRADE BUILDING","333 KEELUNG ROAD, SECTION 1","TAIPEI 110","","Taiwan,  Republic of China","","N","886-22720-9855","886-22722-2106"
"888109","3F WONSEO BUILDING","171 WONSEO-DONG, JONGNO-GU","SEOUL","","Korea, South","110-280","N","82-2-782-2288","82-2-741-0238"
"888109","SUITE 2011, CITIGROUP TOWER","33 HUA YUAN SHI QIAO ROAD","PUDONG, SHANGHAI","","China","200120","N","86-216887-8080","86-216887-8011"
"888110","SUITE 2011, CITICGROUP TOWER","33 HUA YUAN SHI QIAO ROAD","PUDONG, SHANGHAI","","China","200120","N","86-216887-8080","86-216887-8011"
"888110","32F-1, INTERNATIONAL TRADE BUILDING","333 KEELUNG ROAD, SECTION 1","TAIPEI, 110","","Taiwan,  Republic of China","","N","886-22720-9855","886-22722-2106"
"888110","3F WONSEO BUILDING","171 WONSEO-DONG, JONGNO-GU","SEOUL","","Korea, South","110-280","N","82-2-782-2288","82-2-741-0238"
"888535","KAISERSTRAßE 7","","FRANKFURT","","Germany","60311","N","496921087687","496921087689"
"888156","MENARA KARYA 15TH FLOOR,","JL HR RASUNA SAID KAV 1-2 BLOCK X-5","JAKARTA","","Indonesia","12950","N","62 21 57944355","62 21 57944356"
"873331","30 WEST 21ST STREET","FLOOR 2","NEW YORK","NY","United States","10010","N","646-374-1792",""
"892259","PARK HOUSE, 16-18 FINSBURY CIRCUS","6TH FLOOR","LONDON","","United Kingdom","EC2M 7EB","N","44 20 7256 430","44 7256 4450"
"878832","950 THIRD AVENUE","SUITE 3101","NEW YORK","NY","United States","10022","N","212-980-4200","212-371-3215"
"894110","4750 OWINGS MILLS BOULEVARD","","OWINGS MILLS","MD","United States","21117","N","(301) 913-0213","(301) 913-0434"
"885704","421 KIPLING STREET","","PALO ALTO","CA","United States","94301","N","650.326.0550",""
"890761","88 CENTURY BOULEVARD","ROOM 3906, JINMAO TOWER","SHANGHAI","","China","200121","N","8621-6101-6522","8621-6101-6512"
"890761","1904, 19/F, GLOUCESTER TOWER","THE LANDMARK","HONG KONG","","Hong kong","","N","852-28556901","852-2855 6800"
"890761","NO. 1 JIANGUOMENWAI STREET","CWTC TOWER 1","BEIJING","","China","100004","N","8621-6101-6522",""
"893436","800 OAK GROVE AVE","","MENLO PARK","CA","United States","94025","N","6508541200","6508541202"
"893902","950 TOWER LANE","SUITE 1150","FOSTER CITY","CA","United States","94404","N","650-238-5000",""
"895537","14 GOLDEN SQUARE","","LONDON","","United Kingdom","W1F 9JF","N","44 20 71834327",""
"893342","1370 AVENUE OF THE AMERICAS","#2915","NEW YORK","NY","United States","10019","N","6465025750",""
"884518","450 SANSOME STREET","SUITE 1005","SAN FRANCISCO","CA","United States","94111","N","203-769-2345","201-402-1086"
"884518","222 EL BRILLO WAY","","PALM BEACH","FL","United States","33480","Y","203-769-2345","201-402-1086"
"887706","412 MT.KEMBLE AVENUE","SUITE 120C, BOX 4","MORRISTOWN","NJ","United States","07960","N","973-984-1233","973-984-5818"
"892285","201 MISSION STREET","SUITE 2240","SAN FRANCISCO","CA","United States","94105","N","415-814-6110","415-986-3050"
"871350","9 KEREN HA'YESOD ST.","","HERZELIA","","Israel","46105","N","+97299577227","+97299577228"
"871350","1050 WINTER ST.","","WALTHAM","MA","United States","02451","N","7818959090","7818959099"
"894215","890 WINTER STREET","SUITE 140","WALTHAM","MA","United States","02451","N","781-890-4480","781-890-3565"
"894215","1 LETTERMAN DRIVE","BLDG. D, SUITE D4900","SAN FRANCISCO","CA","United States","94129","N","(650)233-8600","(650)233-8923"
"885610","12100 WILSHIRE BOULEVARD","SUITE 520","LOS ANGELES","CA","United States","90025","N","310-843-0044",""
"894679","4801B-4802, TOWER 2, PLAZA 66, 1366 NANJING ROAD","WEST","SHANGHAI","","China","200040","N","8621-62884566","8621-62887455"
"891254","5TH FLOOR, YOUNG POONG BUILDING","41 CHEONGGYECHEON-RO, JONGRO-KU","SEOUL","","Korea, South","110-752","N","82 2 399 7773","82 2 399 7771"
"891254","SUITE 4002, 40TH FLOOR, ONE EXCHANGE SQUARE","8 CONNAUGHT PLACE","CENTRAL","","Hong kong","","N","852 3102 8329","852 3102 8321"
"891254","LEVEL 30, 363 GEORGE STREET","","SYDNEY","","Australia","2000","N","612 9299 0889","612 9299 0809"
"891254","10TH FLOOR, THE ENERGY BUILDING","SCBD LOT 11A, JL. JEND. SUDIRMAN KAV. 52-53","JAKARTA","","Indonesia","12190","N","6221 2995 1665","6221 2995 1666"
"891254","ROOM 1506, TOWER H, PHOENIX PLACE","JIA 5, SHUGUANGXILI, CHAOYANG DISTRICT","BEIJING","","China","100028","N","86 10 56320318","86 10 56383398"
"891254","8 TEMASEK BOULEVARD","#28-03 SUNTEC TOWER THREE","SINGAPORE","","Singapore","038988","N","65 6238 2260","65 6238 1290"
"892357","5956 SHERRY LANE","SUITE 1365","DALLAS","TX","United States","75225","N","212-554-4621",""
"896592","23 BARAKHAMBA ROAD","10TH FL, NARAIN MANZIL BUILDING","NEW DELHI","","India","11001","N","911149679999","911141501333"
"884765","3 HILL STREET","","LONDON","","United Kingdom","W1J 5LA","N","+44 (0) 207 40",""
"895596","423 WASHINGTON STREET","2ND FLOOR","SAN FRANCISCO","CA","United States","94111","N","415-423-0010",""
"895596","ONE INTERNATIONAL PLACE","46TH FLOOR","BOSTON","MA","United States","02110","N","617-292-3310","617-292-1833"
"892954","ONE DOCK STREET SUITE 112","","STAMFORD","CT","United States","06902","N","(203) 930-7770",""
"884192","7800 EQUITABLE DRIVE","SUITE 150","MINNEAPOLIS","MN","United States","55344","N","6122541170",""
"884192","AESCHENVORSTADT 36","","BASEL","","Switzerland","CH-4051","N","41612254600","41612254601"
"884192","887 GREAT NORTHERN WAY","SUITE 210","VANCOUVER, BC","","Canada","V5T 4T5","N","(604) 424-9913",""
"878260","1345 AVENUE OF THE AMERICAS, 2ND FL.","","NEW YORK","NY","United States","10105-0014","N","646-502-6065",""
"890392","PLATINA TOWER, 5TH FLOOR","SZABADSAG TER 7.","1054 BUDAPEST","","Hungary","","N","36 (1)4111270",""
"890392","WARSAW FINANCIAL CENTER 29TH FLOOR","UL. EMILII PLATER 53","00-113 WARSAW","","Poland","","N","48 (22)5407120",""
"896377","1380 W PACES FERRY RD NW","SUITE 1265","ATLANTA","GA","United States","30327-2465","N","404-220-9053",""
"893092","2550 SAND HILL ROAD","","MENLO PARK","CA","United States","94025","N","650-493-5525","650-493-5575"
"882956","26 WAVERLY","","DARIEN","CT","United States","06820","Y","203-554-5810","203-202-9112"
"882956","1161 NORTH MERIDIAN STREET","SUITE 310","CARMEL","IN","United States","46032","N","317-275-6800","317-275-1100"
"882956","312 WALNUT ST","SUITE 1120","CINCINNATI","OH","United States","45202","N","513-723-2301","513-723-2306"
"895272","5300 STEVENS CREEK BLVD., SUITE 500","","SAN JOSE","CA","United States","95129","N","408-236-6500","408-554-6600"
"895285","2882 SAND HILL ROAD","SUITE 150","MENLO PARK","CA","United States","94025","N","650 233 9000","650 233 9233"
"879329","3856 S. BOULEVARD","SUITE 210","EDMOND","OK","United States","73013","N","405.341.9993","405.341.9973"
"879329","1100 LOUISIANA ST","SUITE 5025","HOUSTON","TX","United States","77002","N","281-829-4901","281-829-4902"
"895296","7TH FLOOR INVEST KOREA","7 HEOLLEUNG-NO SEOCHO-GU","SEOUL","","Korea, South","137-749","N","82 2 554-3131","82 2 553-2201"
"874759","3811 TURTLE CREEK BLVD.","SUITE 1000","DALLAS","TX","United States","75219","N","214-599-0800","214-599-0200"
"895297","UNIT 3102, WHEELOCK SQUARE","NO. 1717 WEST NANJING ROAD","SHANGHAI","","China","200040","N","021 6280 0580","021 6280 0585"
"887034","C/O COPELAND CAPITAL MGMT","161 WASHINGTON ST., SUITE 1325","CONSHOHOCKEN","PA","United States","19428","N","484-351-3700","484-351-3658"
"866599","UNIT 2201 TOWER 1 (EAST TOWER), PROSPER CENTER","NO 5, GUANG HUA ROAD, CHAO YANG DISTRICT","BEIJING","","China","","N","8610 85875300","861085875299"
"897486","11 CHANNEL CAY","","KEY LARGO","FL","United States","33037","Y","202-618-8749","202-365-2668"
"897486","7 TEABERRY LANE","","DELRAN","NJ","United States","08075","Y","202-618-8743","202-365-2668"
"892101","SERVCORP - LEVEL 4 - BUILDING B-AL MAMOURA","MOHAMMAD BIN KHALIFA STREET NO. 15","MUROOR DISTRICT","","United Arab Emirates","","N","971 2659 4225","971 2659 4150"
"875888","801 W. ANN ARBOR TRAIL","STE. 220","PLYMOUTH","MI","United States","48170","N","517-513-8923",""
"875888","507 S. GRAND AVE.","","LANSING","MI","United States","48933","N","517-435-2910",""
"895547","2A' HAMELACHA STREET","","RA'ANANA","","Israel","43657","N","+972-9-9561621","972-73-7146734"
"897760","145 STAGHOUND COURT","","ALPHARETTA","GA","United States","30005","N","+1 770-619-012","+1 770-619-012"
"894164","2, TSVETNOY BLVD","","MOSCOW","","Russia","127051","N","+74956623030","+74956623397"
"897831","455 MISSION BAY BLVD SOUTH","SUITE 575","SAN FRANCISCO","CA","United States","94158","N","415-766-3600","415-766-3699"
"896846","540 MADISON AVENUE","SUITE 2800","NEW YORK","NY","United States","10022-3213","N","212-682-4800","212-682-4480"
"883719","QUADRIGA CAPITAL BETEILIGUNGSBERATUNG GMBH","HAMBURGER ALLEE 4","FRANKFURT","","Germany","60486","N","49697950000",""
"876107","10059 LINCOLN HIGHWAY","","FRANKFORT","IL","United States","60423","N","815-806-0815","646-219-0443"
"894184","30 RUE GALILEE","","PARIS","","France","75116","N","+33 1 47238862","+33 1 47238855"
"890814","401 EAST 34TH STREET","SUITE SOUTH 33C","NEW YORK","NY","United States","10016","N","212-842-0733",""
"898195","1235 BAY STREET","SUITE 801","TORONTO, ON","","Canada","M5R 3K4","N","416-975-4526","647-931-7452"
"898195","220 12TH AVE SW","#3303","CALGARY, AB","","Canada","T2R 0C6","N","403-806-7931","403-806-7091"
"898195","3801 PGA BOULEVARD","SUITE 600","PALM BEACH GARDENS","FL","United States","33410","N","484-539-1860","484-539-1870"
"894160","400 SOUTH RIVER ROAD","SUITE 300","NEW HOPE","PA","United States","18938","N","215-862-7234",""
"894160","1010 WASHINGTON BLVD","SUITE 1050","STAMFORD","CT","United States","06901","N","203-428-3250",""
"893919","1010 WASHINGTON BLVD","SUITE 1050","STAMFORD","CT","United States","06901","N","203-428-3250",""
"896455","572 WASHINGTON STREET,","SUITE 8","WELLESLEY","MA","United States","02482","N","781-663-0220","781-851-1832"
"895384","ICBC TOWER, ROOM 808","3 GARDEN ROAD, CENTRAL","HONG KONG","","China","","N","852-2509-3882",""
"879050","7TH FLOOR WORKERS HOUSE","PLOT 1 PILKINGTON ROAD","KAMPALA","","Uganda","","N","+256 414 34070","+256 414 34075"
"891256","UNIT 402, 4TH FLOOR FAIRMONT HOUSE","NO.8 COTTON TREE DRIVE, ADMIRALTY","HONG KONG","","China","","N","+852 3107 0682","+852 3107 0683"
"891256","ROOM 611,BEIJING FORTUNE PLAZA NO.7","EAST THIRD RING MID RD, CHAOYANG DISTRICT","BEIJING","","China","","N","+861065309968","+861065309968"
"897809","11766 WILSHIRE BLVD","SUITE 1470","LOS ANGELES","CA","United States","90025","N","424-208-8469","424-256-2505"
"874001","82, RUE DE COURCELLES","","PARIS","","France","75008","N","+33170225300",""
"893138","125 CAMBRIDGE PARK DRIVE","SUITE 301","CAMBRIDGE","MA","United States","02140","N","781-890-2161","781-207-8526"
"876299","18/F, C TOWER, CENTRAL INTERNATIONAL TRADE CENTRE","6A JIANGUOMENWAI AVENUE, CHAO YANG DISTRICT","BEIJING","","China","100022","N","010-6563 0202",""
"898580","68 WEST BAY ROAD, P.O. BOX 10315","","GRAND CAYMAN","","Cayman Islands","KY1-1003","N","+1 345 815 786","+1 345 814 786"
"888373","2660 TOWNSGATE ROAD","SUITE 800C","WESTLAKE VILLAGE","CA","United States","91361","N","805 379 0900",""
"893944","2ND FLOOR, 6 CAVENDISH SQUARE","","LONDON","","United Kingdom","W1G0PD","N","442072996950","442072996951"
"893944","NIKOLSKAYA STREET 10","","MOSCOW","","Russia","109012","N","74959612810","74959612816"
"891384","230 SCHILLING CIRCLE","SUITE 362","HUNT VALLEY","MD","United States","22182","N","703-637-9555","410-527-1307"
"878525","BANK HOUSE, 8 CHERRY STREET","","BIRMINGHAM","","United Kingdom","B2 5AN","N","4401212531600","4401212531616"
"878525","2ND FLOOR, THE EXCHANGE, 3 NEW YORK STREET","","MANCHESTER","","United Kingdom","M1 4HN","N","4401619126500","4401612532313"
"898667","BIOSCIENCE RESEARCH COLLABORATIVE - SANTE VENTURES","6500 MAIN STREET, SUITE 175","HOUSTON","TX","United States","77030-1402","N","512-721-1200",""
"884961","REGUS BUSINESS CENTRE, 34, CYBERCITY","4TH FLOOR, EBENE HEIGHTS","EBENE","","Mauritius","","N","+230-403-4328","+230-403-4478"
"899134","12890 MAPLE GLEN RD.","","GLEN ELLEN","CA","United States","95442","N","650-289-4700",""
"898150","1 CALIFORNIA STREET","SUITE 2800","SAN FRANCISCO","CA","United States","94111","N","415-765-7240","415-765-7265"
"898150","188 MINNA STREET","UNIT 38E","SAN FRANCISCO","CA","United States","94105","N","415-788-2759","415-777-1568"
"891747","5425 WISCONSIN AVENUE","SUITE 704","CHEVY CHASE","MD","United States","20815","N","301-913-0239","301-913-0434"
"896749","260 HOMER AVENUE, SUITE 201","","PALO ALTO","CA","United States","94301","N","650-798-1600","650-798-1601"
"890256","4301 BRITTANY TRAIL","","CHAMPAIGN","IL","United States","61822","Y","312-444-6360",""
"889681","988 MARKET STREET","8TH FLOOR","SAN FRANCISCO","CA","United States","94102","N","650-854-8180",""
"898582","650 2ND STREET","#201","SF","CA","United States","94118","N","650-796-6501","650-284-0401"
"896787","21 KINGLY STREET, 2ND FLOOR","","LONDON","","United Kingdom","W1B5QA","N","4420 7287 8700",""
"896045","20 DAEV LANE","SUITE 506","MOSCOW","","Russia","107045","N","74957775415","74956048102"
"881388","535 MIDDLEFIELD ROAD, SUITE 245","","MENLO PARK","CA","United States","94025","N","650-853-7000","650-853-7001"
"881388","196 BROADWAY, 2ND FLOOR","","CAMBRIDGE","MA","United States","02139","N","617-588-1700","617-588-1701"
"881388","11 HASADNAOT STREET","P.O. BOX 12682","HERZLIYA PITUACH","","Israel","46733","N","972(9)972-1200","972(9)972-1220"
"881388","IFS COURT","TWENTYEIGHT, CYBERCITY","EBENE","","Mauritius","","N","230-467-3000",""
"881388","II FLOOR, #40","VITTAL MALLYA ROAD","BANGALORE","","India","560 001","N","9180 3082 9000","9180 3082 9001"
"881724","NO.21/8,CRAIG PARK LAYOUT,","OFF MG ROAD","BANGALORE","","India","560001","N","+91-80-433566",""
"881724","CALLE 100 #8A-55","TORRE C, PISO 10","BOGOTA","","Colombia","","N","+57-1-646-7376",""
"892828","1700 OWENS STREET","SUITE 535","SAN FRANCISCO","CA","United States","94158-0002","N","415-565-7103","415-565-7107"
"892828","999 THIRD AVENUE","SUITE 3400","SEATTLE","WA","United States","98104-4046","N","206-674-3028","206-674-3026"
"892828","5001 PLAZA ON THE LAKE","SUITE 103","AUSTIN","TX","United States","78746-1070","N","512-795-5830","512-795-5849"
"895295","6, RUE CHRISTOPHE COLOMB","","PARIS","","France","75008","N","331-5357-4600",""
"899730","3000 SAND HILL ROAD","SUITE 245","MENLO PARK","CA","United States","94025","N","415-276-5500",""
"895261","6, RUE CHRISTOPHE COLOMB","","PARIS","","France","75008","N","331-5357-4600",""
"871073","2-3 GOLDEN SQUARE","","LONDON","","United Kingdom","W1F9HR","N","+442074401777","+442074401778"
"882650","SUITES 1702-03, 17/F, ONE EXCHANGE SQUARE","","HONG KONG","","Hong kong","","N","852 2801 6988",""
"882650","#27-01A,SUNTEC TOWER 2, 9 TEMASEK BOULEVARD","","SINGAPORE","","Singapore","038989","N","65-68849558",""
"872910","501 ORCHARD ROAD","#17-01 WHEELOCK PLACE","SINGAPORE","","Singapore","238880","N","(65) 68368600","(65) 68368601"
"893978","9 LESNAYA STREET, WHITE GARDENS BUSINESS CENTER","BUILDING B, 6TH FLOOR","MOSCOW","","Russia","125047","N","+7 495 9671307","+7 495 9671308"
"893978","EVAGORA PAPACHRISTOFOROU","18 PETOUSSIS BROS BUILDING, 3RD FLOOR","LIMASSOL","","Cyprus","3030","N","+357 25 114000","+357 25 114001"
"898727","303 WYMAN STREET","SUITE 300","WALTHAM, BOSTON","MA","United States","02451-1208","N","1 781 530 3868","1 253 484 4262"
"898727","3400 DE MAISONNEUVE OUEST","SUITE 1050","MONTREAL","","Canada","H3Z 3B8","N","1 514 844 6927","1 514 844 5607"
"884483","UNIT 802A, OFFICE TOWER 1, CHINA CENTRAL PLACE","NO. 81 JIANGUO ROAD, CHAOYANG DISTRICT","BEIJING","","China","100025","N","86-10-59695680","86-10-59695681"
"884483","SUITE 811, IK PLAZA","300-6 YOMGOK-DONG, SEOCHO-GU","SEOUL","","Korea, South","137170","N","82-2-34971880","82-2-34971660"
"884483","ROOM 2361, 23/F, 5 CORPORATE AVENUE","150 HUBIN ROAD,","SHANGHAI","","China","200021","N","86-21-80135016",""
"878003","UNIT 802A, OFFICE TOWER 1, CHINA CENTRAL PLACE","NO. 81 JIANGUO ROAD, CHAOYANG DISTRICT","BEIJING","","China","100025","N","86-10-59695680","86-10-59695681"
"893834","1503, LEVEL 15, INTERNATIONAL COMMERCE CENTRE","1 AUSTIN ROAD WEST, KOWLOON","HONG KONG","","China","","N","(852) 35188000","(852) 28107083"
"881969","BLEICHSTRASSE 64-66","","FRANKFURT AM MAIN","","Germany","DE 60313","N","49-147997-6545",""
"899589","11000 CEDAR AVENUE","SUITE 100","CLEVELAND","OH","United States","44106-3052","N","216-658-3982","216-658-3998"
"894871","5542 FIRST COAST HIGHWAY","HARRISON PARK   SUITE 301","FERNANDINA BEACH","FL","United States","32034-5088","N","904-261-9690","904-261-9668"
"890307","ATAGO GREEN HILLS MORI TOWER, 18TH FLOOR","2-5-1 ATAGO, MINATO-KU","TOKYO","","Japan","105-6218","N","03-5425-8900",""
"887855","2765 SAND HILL ROAD","","MENLO PARK","CA","United States","94025","N","650-854-8092","650-854-8127"
"887855","95 FIFTH AVENUE","5TH FLOOR","NEW YORK","NY","United States","10003","N","646-374-4949",""
"887855","508, TIME TOWER, MEHRAULI GURGAON ROAD","SECTOR 28","GURGUAON","","India","122001","N","91124 430 1841","91124 430 1850"
"887855","IFS COURT, TWENTYEIGHT","CYBERCITY","EBENE","","Mauritius","","N","2304673000",""
"887855","11 HAMENOFIM STREET, ACKERSTEIN TOWERS","BUILDING B, FLOOR #10, P.O. BOX 2148","HERZLIYA PITUACH","","Israel","46120","N","9729 972 6858","9729 972 6859"
"894695","1 ADAM STREET","","LONDON","","United Kingdom","WC2 6AB","N","00442079682750",""
"895976","UNIT 27","1273 HIAIHAI MIDDLE ROAD","SHANGHAI","","China","200031","N","862133830688","86213383069"
"895976","UNIT 2705, TOWER C OFFICE BUILDING, YINTAI CENTRE","NO. 2 JIANGUOMENWAI AVENUE","CHAOYANG DISTRICT, BEIJING","","China","100022","N","861085171799","861085171215"
"895976","NO. 6, LANE 1350","MIDDLE FUXING ROAD","SHANGHAI","","China","200031","N","862160252100","862160252100"
"876474","539 BRYANT STREET","SUITE #306","SAN FRANCISCO","CA","United States","94107","N","415-780-9900",""
"883649","2884 SAND HILL ROAD","SUITE 121","MENLO PARK","CA","United States","94025","N","6503883676","3503886375"
"898403","COMMERCE TOWER, SUITE 2424","911 MAIN STREET","KANSAS CITY","MO","United States","64105","N","8168073817",""
"895718","P.O. BOX 464","","PHILOMONT","VA","United States","20131","Y","540-338-3595","612-376-2999"
"896401","4514 COLE AVE","SUITE 1225","DALLAS","TX","United States","75205","N","972-510-5705",""
"889583","UGLAND HOUSE","SOUTH CHURCH STREET","GRAND CAYMAN","","Cayman Islands","KY1-1104","N","345-949-8066","345-949-8080"
"897745","2884 SANDHILL ROAD, STE 121","","MENLO PARK","CA","United States","94025","N","6503883676","6503883675"
"897745","4430 ARAPAHOE AVENUE","SUITE 220","BOULDER","CO","United States","80303","N","3034171601","3034171602"
"887580","54 W. 21ST STREET","SUITE 404","NEW YORK","NY","United States","10010","N","212-418-5100",""
"895167","700 WHITE PLAINS ROAD","SUITE 238","SCARSDALE","NY","United States","10583","N","212 974 3040",""
"886507","551 FIFTH AVENUE, 37TH FLOOR","","NEW YORK","NY","United States","10176","N","(212) 557-0875","(212) 557-0876"
"884353","50 CALIFORNIA ST, STE 2580","","SAN FRANCISCO","CA","United States","94111","N","415-397-6200","415-397-6280"
"884353","806 A TOWER, PACIFIC CENTURY PLACE","2A GONGTI BEI LU, CHAOYANG DISTRICT","BEIJING","","China","100027","N","8610-6539-1366","8610-6539-1367"
"894615","11622 EL CAMINO REAL","SUITE 100","SAN DIEGO","CA","United States","92130","N","000-00-0000",""
"895850","900 NORTH MICHIGAN AVENUE","SUITE 1100","CHICAGO","IL","United States","60611-1514","N","312-506-6460","312-506-6472"
"858205","UNIT 1, LEVEL 10, TOWER W2 ,NO.1 EAST CHANG AN AVE","","BEIJING","","China","","N","10-8515 1180","10-8515 1179"
"858205","1-1-7 UCHISAIWAICHO, CHIYODA-KU","","TOKYO","","Japan","100-0011","N","3- 3580 1451","3- 3580 5840"
"858205","CITIGROUP TOWER, 33 HUAYUANSHIQIAO ROAD","","SHANGHAI","","China","","N","21-12345678",""
"898558","71-02 80TH STREET","","GLENDALE","NY","United States","11385","N","718-383-7000",""
"899049","505 MONTGOMERY STREET","11TH FLOOR","SAN FRANCISCO","CA","United States","94111","N","415-994-4547",""
"893571","410 PARK AVENUE","15TH FLOOR","NEW YORK","NY","United States","10022","N","646-660-3994",""
"893571","136 HEBER AVENUE","SUITE 204","PARK CITY","UT","United States","84060","N","435-655-3605",""
"897115","ORIZABA","31 COL. ROMA","MEXICO, D.F.","","Mexico","06700","N","55-1168-9759","55-2789-5971"
"878099","610 NEWPORT CENTER DRIVE","SUITE 1220","NEWPORT BEACH","CA","United States","92660","N","(949) 209-6202","(949) 209-2629"
"887103","396 WASHINGTON STREET","#278","WELLESLEY HILLS","MA","United States","02481","N","6178217520",""
"868083","444 MADISON AVENUE","38TH FLOOR","NEW YORK","NY","United States","10022-6919","N","646-278-6113","646-278-6112"
"884338","806 IBM TOWER, PACIFIC CENTURY PL","2A GONGTIBEILU, CHAOYANG DISTRICT","BEIJING","","China","100027","N","861065391366","861065391367"
"884338","10F-2, 76 TUN HUA SOUTH RD","SECTION 2","TAIPEI","","Taiwan,  Republic of China","106","N","886227556033","886227092127"
"886120","63 FOREST AVE., SUITE 7A","","LOCUST VALLEY","NY","United States","11560","N","516-813-0831","516-676-2401"
"886120","89 MEDINAT HAYEHUDIM STREET","HERZLIYA BUSINESS PARK, BUILDING E, 14TH FL","HERZLIYA","","Israel","46766","N","972-983-44133",""
"894570","LEVEL 29, 35 COLLINS PLACE","","MELBOURNE","","Australia","VIC 3000","N","612-9257-7027",""
"894570","ALMOAYYED TOWER, SUITE 2113, 21ST FLOOR","BUILDING 2504, ROAD 2832, BLOCK 428, AL SEEF DISTR","MANAMA","","Bahrain","","N","+973 1756 8168",""
"895361","927 INDUSTRIAL AVE","","PALO ALTO","CA","United States","94303","N","650-352-3819",""
"879448","3000 SAND HILL ROAD","BLDG 2 SUITE 180","MENLO PARK","CA","United States","94025","N","650-627-7749","650-727-7755"
"894424","26 MARKET SQUARE","","PORTSMOUTH","NH","United States","03801","N","603-319-1565",""
"886622","WASHINGTON PLAZA - BATIMENT ARTOIS","44 RUE DE WASHINGTON","75008 PARIS","","France","","N","+442077433000","+442077431000"
"886622","SQUARE DE MEEUS 35, 1ST FLOOR","","1000 BRUSSELS","","Belgium","","N","+442077433000","+442077431000"
"886622","HARBOUR HOUSE","SUNDKROGSGADE","2100 COPENHAGEN","","Denmark","","N","+442077433000","+442077431000"
"886622","OPERA TOWER BOCKENHEIMER","LANDSTRASSE 2-4, 23RD FLOOR","D-60306 FRANKFURT","","Germany","","N","+442077433000","+442077431000"
"886622","MAX-JOSEPH-STRASSE 6","","D-80333 MUNICH","","Germany","","N","+442077433000","+442077431000"
"886622","PLAZA PABLO RUIZ PICASSO NO1","TORRE PICASSO, 14TH FLOOR","MADRID 28020","","Spain","","N","+442077433000","+442077431000"
"886622","VIA BRERA 3/5","","MILAN","","Italy","","N","+442077433000","+442077431000"
"886622","MASTER SAMUELSGATAN 1","BOX 609","114 11 STOCKHOLM","","Sweden","","N","+442077433000","+442077431000"
"886622","GRABEN 19/9","","VIENNA 1010","","Austria","","N","+442077433000","+442077431000"
"886622","DAGO CENTRUM 2ND FLOOR","RONDO ONZ 1","WARSAW","","Poland","","N","+442077433000","+442077431000"
"886622","REGUS CONVENTION TOWERS","HEERENGRACHT AND COEN, STEYTLER STREET","CAPETOWN","","South Africa","8001","N","44 131 472 720",""
"886622","LAGOUMITZI 24","","KALLITHEA","","Greece","17671","N","44 131 472 720",""
"886622","EXCHANGE PLACE ONE","1 SEMPLE STREET","EDINBURGH","","United Kingdom","EH3 8BL","N","+44 314727200",""
"886622","REMBRANDT TOWER, AMSTELPLEIN 1","1096 HA AMSTERDADM","NETHERLANDS","","Netherlands","","N","+442077433000","+442077431000"
"896301","2705, NO 2 JIANGUOMENWAI AVENUE","","BEIJING","","China","100022","N","8610-85171799","8610-85171215"
"896301","2750 SAND HILL ROAD","","MENLO PARK","CA","United States","94025","N","6502332750","6502330300"
"872912","SUITE #32, LEVEL 16, MAN YEE BUILDING","60-68 DES VOEUX ROAD","CENTRAL","","Hong kong","","N","852 3796 3012","852 3796 3013"
"872912","1ST FLOOR, UNION HOUSE","12-16 ST. MICHAEL'S STREET","OXFORD","","United Kingdom","OX1 2DU","N","44018655922",""
"872915","ONE TEMASEK AVENUE","#11-01 MILLENIA TOWER","SINGAPORE","","Singapore","039192","N","65 6705 1666",""
"872917","ONE TEMASEK AVENUE","#11-01 MILLENIA TOWER","SINGAPORE","","Singapore","039192","N","+65-6705 1666","+65-6738 0780"
"898595","ROOM 2361, 5 CORPORATE AVENUE","150 HUBIN ROAD","SHANGHAI","","China","200021","N","86 21 80135016",""
"898595","UNIT 802, OFFICE TOWER 1, CHINA CENTRAL PLACE","NO.81 JIANGUO ROAD, CHAOYANG DISTRICT","BEIJING","","China","100081","N","86 10 59695680",""
"898595","SUITE 811, 300-6 YOMGOK-DONG","SEOCHO-GU","SEOUL","","Korea, South","137-170","N","82 2 3497 1880",""
"870995","1000 SHERBROOKE STREET WEST","SUITE 1730","MONTREAL, QUEBEC","","Canada","H3A 3G4","N","514 8435128",""
"886462","1250 PROSPECT STREET","OCEAN - 4","SAN DIEGO","CA","United States","92037","N","858-551-4880","858-459-0466"
"899145","12211 TECHNOLOGY BLVD","","AUSTIN","TX","United States","78727","N","512-236-0450",""
"885215","43-45 ALLEE SCHEFFER","","LUXEMBOURG","","Luxembourg","L2520","N","+3522626977177","+3522626973000"
"885215","1 ROYAL PLAZA","ROYAL AVENUE","ST PETER PORT","","Guernsey","GY12HL","N","+441841713843",""
"887499","QUARDRIGA CAPITAL BETEILIGUNGSBERATUNG GMBH","HAMBURGER ALLEE 4","FRANKFURT","","Germany","60486","N","4969-795-0000",""
"894854","419 KIPLING","","PALO ALTO","CA","United States","94301","N","650-326-0550","650-326-0707"
"902210","4 ALBEMARLE STREET","","LONDON","","United Kingdom","W1S 4GA","N","00442077585500",""
"870352","1208, 12TH FLOOR, CORE F, CYBERPORT 3","100 CYBERPORT ROAD","HONG KONG","","China","","N","+852 22309800","+852 22309898"
"883905","1375 EAST 6TH STREET, UNIT 1","","LOS ANGELES","CA","United States","90021","N","(310) 566-5960","(310) 260-2147"
"879359","1954 GREENSPRING DRIVE","SUITE 600","TIMONIUM","MD","United States","21093","N","410-842-4000","410-842-4100"
"879359","2855 SAND HILL ROAD","","MENLO PARK","CA","United States","94025","N","650-854-9499","650-854-9397"
"872125","EXCHANGE WEST","SUITE 429","CHAPEL HILL","NC","United States","27517","N","650-796-8659",""
"885274","VERNO INVESTMENT RESEARCH LTD.","IVANA FRANKO, 8","MOSCOW","","Russia","121108","N","7 495 980 7373","7 495 980 7376"
"885274","VERNO ADVISERS AG","STUTZSTRASSE 48","SCHINDELLEGI","","Switzerland","8834","N","+41 79 6255385",""
"885274","VERNO CAPITAL LLC","400 MADISON AVENUE, SUITE 17A","NEW YORK","NY","United States","10017","N","646-412-5771",""
"885274","VERNO CAPITAL UK LLP","94 GOSDEN HILL ROAD","GUILDFORD","","United Kingdom","GU4 7JB","Y","+44 7801 14447",""
"882628","54 LAFAYETTE PLACE","","GREENWICH","CT","United States","06830","N","212.716.2650",""
"895131","C/O KARMA MGMT ADVISORY SERVICES PVT LTD","32 SHIVJI MARG, WESTEND GREENS","NEW DELHI","","India","110037","Y","+91 11 4150-3870","+91 11 4166-7135"
"895131","C/O KARMA MGMT ADVISORY SERVICES PVT LTD","B-24, QUEST OFFICES, G-BLOCK, BANDRA KURLA COMPLEX","MUMBAI","","India","400051","N","+9122 33040670","+1 203 6213229"
"893135","1ST AND 2ND FLOORS, ELIZABETH HOUSE","LES ROUETTES BRAYE","ST PETER PORT","","Guernsey","GY1 1EW","N","+97124174200","+97124174300"
"896988","470 ATLANTIC AVENUE, 10TH FLOOR","","BOSTON","MA","United States","02210","N","617-761-6550","617-761-6552"
"882714","814 MISSION STREET","","SAN FRANCISCO","CA","United States","94105","N","N/A",""
"896732","1127 JUDSON ROAD","SUITE 126","LONGVIEW","TX","United States","75601","N","903-758-2370",""
"865844","26 COURT ST.","SUITE 1104","BROOKLYN","NY","United States","11242","N","718-875-0605",""
"895103","BELLERIVESTRASSE 29","","ZURICH","","Switzerland","CH8008","N","011 41 44 215",""
"896127","INNOVATION CTR-6795 EDMOND ST","SUITE 300 - BOX 10","LAS VEGAS","NV","United States","89118","N","858 864-9212",""
"892476","ONE LETTERMAN DRIVE","BUILDING C, SUITE C3600","SAN FRANCISCO","CA","United States","94129","N","855-787-3500",""
"892476","35 BARROW STREET","GRAND CANAL DOCK","DUBLIN","","Ireland","","N","353-1-901-0336",""
"892476","ONE MARINA PARK DRIVE","10TH FLOOR","BOSTON","MA","United States","02210","N","781-290-0770",""
"886852","4306 YOAKUM BOULEVARD","SUITE 360","HOUSTON","TX","United States","77006","N","(281) 407-4845",""
"889742","RM 616, TOWER A, COFCO PLAZA","8 JIANGUOMENNEI AVENUE","BEIJING","","China","100005","N","8610- 65266655","8610-65260700"
"889742","RM. 1105, AETNA TOWER","NO. 107 ZUNYI ROAD","SHANGHAI","","China","200051","N","8621-62375408","8621-62375899"
"889742","RM. 2506, SOUTH TOWER, POLY INTERNATIONAL PLAZA","NO. 1 EAST PAZHOUDADAO","GUANGZHOU","","China","510308","N","8620-84120357","8620-84120490"
"889742","RM. 2901B, JINZHONGHUAN BUSINESS BLDG.","NO. 3037 JINTIAN ROAD","SHENZHEN","","China","518048","N","86755-82805462","86755-82805475"
"889742","RM.2209, BANCO LUSO INT'L BLD.","1-3 RUA DR. PEDRO JOSE","MACAU","","China","","N","(853)28717306","(853)28717289"
"890655","UNIT 3904, K. WAH CENTER","1010 HUAI HAI MIDDLE ROAD","SHANGHAI","","China","200031","N","8621-5404-8787","8621-5404-8996"
"890655","4TH FLOOR, AKASAKA INTERCITY","1-11-44 AKASAKA, MINATO-KU","TOKYO","","Japan","107-0052","N","813-6229-7960","813-6229-7969"
"902403","500 W. PUTNAM AVE.","SUITE 400","GREENWICH","CT","United States","06830","N","203-625-7500","203-625-7503"
"896176","ARROYO 880, 6TH FLOOR, OF. 11-12","CAPITAL FEDERAL (1007)","BUENOS AIRES","","Argentina","","N","541143280758","541143280758"
"896176","CARRERA 9, Nº 80-45, OF. 801","","BOGOTÁ","","Colombia","110221","N","571-530-5177","571-530-5175"
"896176","GUILLERMO GONZÁLEZ CAMARENA 1600, OF. 4B","COL. CENTRO SANTA FE","MÉXICO 01210 DF","","Mexico","","N","5255-5292-6348","5255-5292-6316"
"894246","27 SOUTH PARK AVE","SUITE 200","SAN FRANCISCO","CA","United States","94107","N","+16503192150",""
"900553","399 PARK AVENUE","5TH FLOOR","NEW YORK","NY","United States","10022","N","(212) 907-6041",""
"902734","308 W. ROSEMARY ST.","SUITE 308","CHAPEL HILL","NC","United States","27516","N","919-928-8005","919-928-8006"
"897796","DACHAUER STRASSE 65","","MUNICH","","Germany","80335","N","+49 89 3306660",""
"897796","WELLESLEY OFFICE PARK - BUILDING 5","303 WYMAN STREET, SUITE 300","WALTHAM","MA","United States","02451","N","781 235 0321",""
"872444","ONE MARITIME","SUITE 1610","SAN FRANCISCO","CA","United States","94111","N","415-872-3900",""
"888150","564 UNIVERSITY AVENUE","","PALO ALTO","CA","United States","95126","N","6506185900","6506185950"
"888150","295 LAFAYETTE STREET","SUITE 703","NEW YORK","NY","United States","10012","N","347-334-6533",""
"902377","160 BOVET ROAD, SUITE 400","","SAN MATEO","CA","United States","94402-3114","N","650-566-9060","650-838-9383"
"902906","55 EAST 3RD AVENUE","","SAN MATEO","CA","United States","94402","N","6502819059",""
"900971","1600 WILSON BLVD. SUITE 1210","","ARLINGTON","VA","United States","22209","N","703-752-5880",""
"879224","45 S. 7TH ST.","SUITE 3060","MINNEAPOLIS","MN","United States","55402-4436","N","612-465-8660","612-465-8661"
"879224","3333 N. TORREY PINES COURT","SUITE 300","LA JOLLA","CA","United States","92037-1025","N","858-373-5800",""
"892749","330 EAST 79TH STREET","SUITE 1D","NEW YORK","NY","United States","10075","N","212-472-1473",""
"893799","UNIT 601, 6TH FLOOR, TOWER 3, CHINA CENTRAL PLACE","NO. 77 JIAN GUO ROAD, CHAO YANG DISTRICT","BEIJING","","China","100025","N","86-10-6598-965","86-10-6598-988"
"902215","580 BROADWAY","SUITE 303","NEW YORK","NY","United States","10012","N","6174532250",""
"891720","730 FIFTH AVE","15TH FLOOR","NEW YORK","NY","United States","10019","N","212-218-8284","212-218-8207"
"903067","123 W. 3RD ST.","SUITE 5","CHASKA","MN","United States","55318","N","952-454-1745","952-400-8734"
"903052","330 S. NAPERVILLE RD.  #401","","WHEATON","IL","United States","60187","N","6304800143",""
"903169","123 W. 3RD ST.","SUITE 5","CHASKA","MN","United States","55318","N","952-454-1745","952-400-8734"
"890796","727 SANSOME ST.","3RD FLOOR","SAN FRANCISCO","CA","United States","94111","N","650-853-1700","650-853-1717"
"890796","20 CUSTOM HOUSE STREET","SUITE 830","BOSTON","MA","United States","02110","N","617-330-7872","617-330-7975"
"899013","LEVEL 16, NO. 207, SECTION 2","DUN HUA SOUTH ROAD","TAIPEI","","Taiwan,  Republic of China","106","N","886-287-220-05",""
"902681","66 HUDSON AVENUE","SUITE 201","HOBOKEN","NJ","United States","07030","N","(973) 488-7112","(973) 488-7118"
"892482","2882 SAND HILL ROAD","SUITE 106","MENLO PARK","CA","United States","94025","N","650-687-5600","650-687-5699"
"878472","300 - 70 YORK STREET","","TORONTO, ONTARIO","","Canada","M5J 1S9","N","4168688500","4163616345"
"878472","3RD FLOOR, 885 WEST GEORGIA STREET","","VANCOUVER, BC","","Canada","V6C 3E8","N","6042571081","6042571049"
"878472","300 - 2001 MCGILL COLLEGE AVENUE","","MONTREAL, QUEBEC","","Canada","H3A 1G1","N","5148611151","5148611026"
"892044","1680 MICHIGAN AVE","SUITE 1000","MIAMI BEACH","FL","United States","33139","N","1 786 319 9549",""
"892044","CRA 9 #77-67","OF 1001","BOGOTA","","Colombia","","N","+57 1 321 6355","+57 1 321 6445"
"892044","LIBERTADOR 602","PISO 5","BUENOS AIRES","","Argentina","C1001ABT","N","+54 1151295400","+54 1148162469"
"892044","BLVD. MANUEL AVILA CAMACHO NO 40 TORRE ESMERALDA I","18TH FLOOR 180-2","COLONIA LOMAS DE CHAPULTEPEC, MEXICO D.F.","","Mexico","11000","N","+52 5580009200","+52 5580009202"
"892044","AV. BRIGADEIRO FARIA LIMA 2277","CONJUNTO 604","SAO PAULO","","Brazil","CEP01452000","N","+55 1130398050","+55 1130398052"
"892044","MISIONES 1481","PISO 3","MONTEVIDEO","","Uruguay","CP11.000","N","+54 1151295453","+54 1151295403"
"894573","UNIT 1209 CHINA WORLD OFFICE 1","NO. 1 JIAN GUO MEN WAI AVENUE","BEIJING","","China","100004","N","+86 13 9103297",""
"894573","KARAPORTTI 3","","ESPOO","","Finland","02610","N","+358718008000",""
"894573","BLDG 5, TOWER C, LEVEL 20","DLF EPITOME, PHASE III, DLF CYBER CITY","GURGAON","","India","122002","N","+911244833000",""
"894573","11-13 BOULEVARD DE LA FOIRE","","LUXEMBOURG","","Luxembourg","L-1528","N","+352 262743-1",""
"894573","19 RUE EUGENE RUPPERT","","LUXEMBOURG","","Luxembourg","L-2453","N","+352 266448-1",""
"903126","85 RICHMOND STREET WEST","SUITE 520","TORONTO","","Canada","M5H 2C9","N","416.640.5411","416.640.5412"
"863626","RUA JERÔNIMO DA VEIGA, 384, 11º ANDAR, ITAIM BIBI","","SÃO PAULO - SP","","Brazil","04536001","N","55 21 35269966","55 21 32069001"
"886340","1250 PROSPECT STREET","SUITE 200","LA JOLLA","CA","United States","92037","N","858-557-1174","858-551-1175"
"902307","5605 CARNEGIE BOULEVARD SUITE 410","","CHARLOTTE","NC","United States","28209","N","704-409-3334","704-409-3330"
"902307","10955 LOWELL AVENUE, SUITE 600","","OVERLAND PARK","KS","United States","66210-2363","N","913-253-2225","913-253-2221"
"891754","309 SOUTH MAIN STREET","","SOUTHAMPTON","NY","United States","11968","Y","(212) 972-1095","(212) 972-0890"
"891754","60 EAST 42ND STREET","ROOM 721","NEW YORK","NY","United States","10165","N","212-586-7740","212-953-0890"
"896295","60 EAST 42ND STREET","50TH FLOOR","NEW YORK","NY","United States","10165","N","2128474333","2128474336"
"896295","1301 MCKINNEY STREET","SUITE 3550","HOUSTON","TX","United States","77010","N","8329249950",""
"886688","138 SPRING STREET","6TH FLOOR","NEW YORK","NY","United States","10012-3854","N","917-243-4200",""
"886688","368 CLEMENTINA STREET","","SAN FRANCISCO","CA","United States","94103","N","4155939002",""
"900014","600 CONGRESS AVENUE","SUITE 200","AUSTIN","TX","United States","78701","N","512-505-4500",""
"883790","AV. LA ENCALADA 1388 OFICINA 605","(ED. CEN. EMPRES. POLO HUNT) SANTIAGO DE SURCO","LIMA 33","","Peru","","N","(511) 434 2103",""
"883790","CALLE 116 NO. 7-15","INT. 2, OF 403","BOGOTA","","Colombia","","N","(571) 275 8340",""
"900907","TWO HARRISON STREET","SUITE 180","SAN FRANCISCO","CA","United States","94105","N","415-348-8868",""
"893787","229 W 43RD ST.","5TH FLOOR","NEW YORK","NY","United States","10036","N","917-522-0065",""
"902558","1ST FLOOR, COMMERICAL ANNEX, HOTEL GRAND","NELSON MANDELA ROAD, VASANT KUNJ II","NEW DELHI","","India","110 070","N","911149800800",""
"902558","OKEANUS BUILDING","50 RAMAT YAM STREET","HERZLIYA PITUACH","","Israel","46851","N","97299561634",""
"902357","8A WORLD TRUST CENTRE","50 STANLEY STREET, CENTRAL","HONG KONG","","Hong kong","","N","(852) 28348000","(852) 28348866"
"899613","201 SANTA MONICA BLVD.","SUITE 450","SANTA MONICA","CA","United States","90401","N","4243227084",""
"893845","UNIT 1702 TOWER 2 KERRY CENTER","1539 NANJING WEST ROAD","SHANGHAI","","China","","N","862161038400","862160671991"
"893845","A101, BUILDING 1, NO.345 FENGLI STREET","INDUSTRIAL PARK","SUZHOU","","China","","N","86512-6696 991","86512-6696 991"
"893845","UNIT 1407, EAST BLOCK, COASTAL BUILDING","HAI DE SAN DAO, NANSHAN DISTRICT","SHENZHEN","","China","518054","N","(86755) 369927","(86755) 368821"
"893845","2855 SAND HILL ROAD","","MENLO PARK","CA","United States","94025","N","+1-650-585-545","+1-650-585-545"
"893845","32F, TOWER 2 OF CHINA CENTRAL PLACE","NO.79 JIANGUO ROAD, CHAOYANG DISTRICT","BEIJING","","China","","N","8610-5769 650","8610-5969 618"
"889522","NO: 36-01 LEVEL 36, MENARA DION","27 JALAN SULTAN ISMAIL","KUALA LUMPUR","","Malaysia","50250","N","603-2072-0110","601-2072-0330"
"894680","SUITE 1609, 16/F, JARDINE HOUSE,","1 CONNAUGHT PLACE, CENTRAL,","HONG KONG","","Hong kong","","N","+852 2165 9000","+852 2165 9090"
"904643","HAREC BUILDING, 12TH FLOOR","4A LANG HA STREET, BA DINH DISTRICT","HANOI","","Vietnam","70000","N","+84437724888","+84437724868"
"904643","CAPITAL PLACE, 8TH FLOOR","6 THAI VAN LUNG, DISTRICT 1","HO CHI MINH CITY","","Vietnam","70000","N","+84838273161","+84838273162"
"894669","15F AIA CENTRAL BUILDING","1 CONNAUGHT ROAD, CENTRAL","HONG KONG","","Hong kong","","N","852-37193306","852-29180881"
"894669","TORANOMON TOWERS OFFICE 20F","4-1-28 TORANOMON, MINATO-KU","TOKYO","","Japan","105-0001","N","813-57761300",""
"894669","4501, TOWER 2, PLAZA 66","1366 NANJING ROAD WEST","SHANGHAI","","China","200040","N","8621-62883788","8621-61135806"
"894669","2405, TOWER 2, CHINA CENTRAL PLACE","79 JIANGUO ROAD, CHAOYANG DISTRICT","BEIJING","","China","100025","N","8610-85882998","8610-85882996"
"894669","32F AIA CENTRAL BUILDING","1 CONNAUGHT ROAD","HONG KONG","","Hong kong","","N","852-37193300",""
"894669","UNIT 2604, HANTANG BUILDING","OVERSEAS CHINA TOWN, NANSHAN DISTRICT","SHENZHEN","","China","518053","N","86-75526543900","86-75526543909"
"897538","ROOM 1102, 11/F, CHINA RESOURCES BUILDING","8 JIANGUOMEN NORTH STREET","BEIJING","","China","","N","+8610 85191954",""
"904646","TOWER 1, 30A ONE SILVER SEA","18 HOI FAI ROAD, TAI KOK TSUI","KOWLOON","","Hong kong","","N","+85225177232",""
"902776","26-28 HAMMERSMITH GROVE","","LONDON","","United Kingdom","W6 7BA","N","44 20 71824620",""
"902776","BELOHORSKA 34","","PRAGUE","","Czech Republic","6,169 00","N","+420 606487757","420 296 370271"
"902776","UL. EMILII PLATER 28","","WARSAW","","Poland","00-688","N","48 22 6303031","48 22 6303033"
"902776","1121 BUDAPEST","IRHAS AROK 93","BUDAPEST","","Hungary","","N","+36 305 000263",""
"886535","1 KIM SENG PROMENADE #18-07/12","GREAT WORLD CITY WEST TOWER","SINGAPORE","","Singapore","237994","N","+65 6672 7600","+65 6672 7601"
"886535","SUITE 4101, TOWER 2, PLAZA 66","1266 NANJING ROAD WEST","SHANGHAI","","China","200040","N","+862160321688","+862161135705"
"886535","303, THIRD FLOOR TOWER WING,","TAJ MAHAL PALACE & TOWER APOLLO BUNDER","MUMBAI","","India","400001","N","+912261563200",""
"886535","SUITE 2704, 27TH FLOOR, OXFORD HOUSE, TAIKOO PLACE","979 KING'S ROAD","HONG KONG","","Hong kong","","N","+852 2106 3966","+852 2523 7355"
"886535","LEVEL 18 420 GEORGE STREET SYDNEY","NSW 2000","SYDNEY","","Australia","","N","IN PROCESS","IN PROCESS"
"902178","SUITE 5601, WHEELOCK SQUARE","NO. 1717 NANJING WEST ROAD","SHANGHAI","","China","","N","+86-2152925218","+86-2152925216"
"893504","OFFICE 424, 4TH FLOOR EBENE HEIGHTS","34 CYBERCITY","EBENE","","Mauritius","","N","230-403-4331","230-403-4469"
"891823","55 OLD FIELD POINT ROAD","2ND FLOOR","GREENWICH","CT","United States","06830","N","203-629-8700","203-629-9293"
"900097","23 BEREKLEY SQ.","","LONDON","","United Kingdom","W1J 6HE","N","02033728601",""
"894092","530 FIFTH AVENUE","22ND FLOOR","NEW YORK","NY","United States","10036","N","212 444-4100","212 444-4101"
"894092","470 ATLANTIC AVENUE","4TH FLOOR","BOSTON","MA","United States","02210","N","617 995-2000","617 995-2001"
"894092","34 FARNSWORTH STREET","3RD FLOOR","BOSTON","MA","United States","02210","N","617 995-2000","617 995-2001"
"898694","3 STAMFORD LANDING","46 SOUTHFIELD AVE, SUITE 330","STAMFORD","CT","United States","06902","N","12033239118","12033239119"
"898694","12-14 ROND POINT DES CHAMPS","ELYSEES","PARIS","","France","75008","N","33153531488","33153531400"
"898694","GRAND BUILDINGS","1-3 STRAND","LONDON","","United Kingdom","WC2N 5HR","N","442070242200","442070242201"
"898694","HERENGRACHT 424 111","","AMSTERDAM","","Netherlands","1017 BZ","N","31206243699","31206279886"
"902240","KOHLMARKT 5/6","","VIENNA","","Austria","A1010","N","431528990","431532899020"
"902240","ZLOTA 79 SKYLIGHT BUILDINGS","39","WARSAW","","Poland","00/120","N","48226546415","48226546418"
"902240","56 ROMA STR. GROUND FLOOR FLAT 1","","BUCHAREST","","Romania","011775","N","40212303219","40212303226"
"902240","KAROLY KORUT","5/A","BUDAPEST","","Hungary","1075","N","36303036781","3614751111"
"902240","4 IVANA LEPSE BLVD","4TH FLOOR","KIEV","","Ukraine","03680","N","380952711747",""
"902240","HERENGRACHT","","AMSTERDAM","","Netherlands","1017BZ","N","31206243699","31206279886"
"898748","151 10TH STREET","","SAN FRANCSICO","CA","United States","94103","N","415-646-0072","415-646-0074"
"898748","60 MADISON AVENUE","SUITE 1001","NEW YORK","NY","United States","10010","N","646-597-5791","212-228-1669"
"889364","C/O FOLEY HOAG LLP, SEAPORT WEST","155 SEAPORT BOULEVARD","BOSTON","MA","United States","02210","N","617-832-1000","617-832-7000"
"900715","330 MADISON AVENUE","34TH FLOOR","NEW YORK","NY","United States","10017","N","212-231-0088",""
"902177","2200 SAND HILL ROAD, SUITE 230","","MENLO PARK","CA","United States","94025","N","650 233 0700",""
"901016","WALKERS CORPORATE SERVICES LIMITED,","WALKER HOUSE, 87 MARY STREET,","GEORGE TOWNGRAND CAYMAN, KY1-9005,","","Cayman Islands","","N","852-39619700",""
"901016","MAPLES CORPORATE SERVICES LIMITED,","PO BOX 309, UGLAND HOUSE","GRAND CAYMAN, KY1-1104","","Cayman Islands","","N","852-39619700",""
"900995","SUITES 2701-03","ONE EXCHANGE SQUARE, CENTRAL","HONG KONG","","Hong kong","","N","852-39619700",""
"900995","6/F, SOUTH TOWER C, RAYCOM INFO TECK PARK,","NO.2 KEXUEYUAN SOUTH ROAD, HAIDIAN DISTRICT","BEIJING","","China","","N","8610-82655888",""
"900410","5 LLOYDS AVENUE","3RD FLOOR","LONDON","","United Kingdom","EC3N 3AE","N","+442079771273",""
"885093","3925 BRAKER LANE","3RD FLOOR - MCC BUILDING","AUSTIN","TX","United States","78759","N","713-715-6820","713-715-6826"
"887325","10 GRESHAM STREET","","LONDON","","United Kingdom","EC2V 7AE","N","02076261500",""
"878800","3 COLUMBUS CIRCLE, SUITE 604","","NEW YORK","NY","United States","10019","N","(212) 247-4590","(212) 247-4801"
"878800","19925 STEVENS CREEK BLVD","","CUPERTINO","CA","United States","95014","N","(408) 973-7861","(408) 973-7261"
"892801","1350 AVENUE OF THE AMERICAS","SUITE 2802","NEW YORK","NY","United States","10019","N","212-218-6800",""
"874900","800 BOYLSTON STREET","SUITE 3310","BOSTON","MA","United States","02199","N","3134320321",""
"899877","SUITE 1, LEVEL 9","139 MACQUARIE STREET","SYDNEY","","Australia","NSW 2000","N","+612 8248 1100","+612 9251 7530"
"899964","60 EAST 42 STREET","SUITE 2800","NEW YORK","NY","United States","10017","N","212-247-1777",""
"893745","320 PARK AVENUE, 33RD FLOOR","","NEW YORK","NY","United States","10022-4690","N","212 386 7480",""
"893745","80 PALL MALL","","LONDON","","United Kingdom","SW1Y 5ES","N","4420 7632 1000",""
"893745","BOCKENHEIMER LANDSTRASSE 33","","FRANKFURT AM MAIN","","Germany","60325","N","49 69 97 14660",""
"893745","VIA SAN PAOLO, 10 PL.","","MILAN","","Italy","20121","N","39 02 76004740",""
"893745","28/F ONE EXCHANGE SQUARE, 8 CONNAUGHT PLACE","","HONG KONG","","Hong kong","","N","852 3972 0800",""
"903151","1107 INVESTMENT BOULEVARD","SUITE 180","EL DORADO HILLS","CA","United States","95762","N","916-941-1400","916-941-7551"
"892951","5010 WOODROW AVE.","WC142 LYLES CENTER","FRESNO","CA","United States","93740","N","559-294-6668","559-294-6655"
"896451","463 PACIFIC AVENUE","","SAN FRANCISCO","CA","United States","94133","N","415-373-6250","415-373-6255"
"893499","156 2ND STREET, SUITE 402","","SAN FRANCISCO","CA","United States","94105","N","415-702-0120",""
"899084","5404 WISCONSIN AVENUE, STE 1000","","CHEVY CHASE","MD","United States","20815","N","240-200-3355","410-537-6412"
"865266","CALLE 50 & VIA PORRAS AVE","BMW BUILDING PLAZA, 8TH FLOOR, SUITE 8B","PANAMA CITY","","Panama","","N","507-209-3800",""
"865266","CALLE ROBERTO PASTORIZA","NO. 16, SUITE 6","SANTO DOMINGO","","Dominican Republic","","N","1 809 227 0139",""
"865266","EL DERBY 055 AVENUE","CRONOS BUILDING, TOWER 1, 7TH FLOOR","LIMA","","Peru","","N","511-716-2746",""
"865266","PRIME HOLDING SERVICE BUILDING","CALLE 90 NO 12-28 PISO 2","BOGOTA","","Colombia","","N","571-638-1083",""
"904792","299 PARK AVENUE","6TH FLOOR","NEW YORK CITY","NY","United States","10171","N","+1646681490",""
"879416","2719 E THIRD AVE","","DENVER","CO","United States","80206","N","303-726-7633",""
"894776","122 S. MAIN STREET","SUITE 230","ANN ARBOR","MI","United States","48104-1929","N","734-926-9783",""
"905249","2, RUE PASQUIER","","PARIS","","France","75008","N","+33156885488",""
"905249","BOCKENHEIMER LANDSTRASSE 51-53","","FRANKFURT AM MAIN","","Germany","60325","N","+49 6924008410",""
"905249","UL. MONIUSZKI 1A","","WARSAW","","Poland","00-014","N","+48222095500",""
"904607","4TH FLOOR, MONTCLARE PLACE","21 MAIN ROAD, CLAREMONT","CAPE TOWN","","South Africa","7708","N","27 21 671 2814","27 86 503 5704"
"894275","71 S. WACKER DRIVE","SUITE 2760","CHICAGO","IL","United States","60606","N","3123806000",""
"894275","99 DERBY STREET","SUITE 200","HINGHAM","MA","United States","02043","N","7813856079",""
"892203","1700 OWENS STREET","SUITE 184","SAN FRANCISCO","CA","United States","94158","N","650-571-8200",""
"892203","71 KINGSWAY","","LONDON","","United Kingdom","WC2B6ST","N","442074217070",""
"900407","1 ADELAIDE STREET EAST","SUITE 600","TORONTO, ONTARIO","","Canada","M5C 2V9","N","416-955-4949",""
"875623","1020 W. MAIN","STE 250","BOISE","ID","United States","83702","N","208.352.0135",""
"873378","TAUNUSANLAGE 16","","FRANKFURT","","Germany","D-60325","N","+49692470450","+4969247045122"
"867325","14502 N. DALE MABRY","SUITE 229","TAMPA","FL","United States","33618","N","813-968-3800","813-264-7796"
"882039","MUALLIM NACI CAD NO. 40","ORTAKOY","ISTANBUL","","Turkey","34347","N","+90212 3268400","+90212 3268484"
"904680","8405 GREENSBORO DRIVE","SUITE 210","MCLEAN","VA","United States","22102","N","703-903-9546",""
"904680","112 WEST 34TH STREET  17TH FLOOR","SUITE 17050","NEW YORK","NY","United States","10120","N","609-896-1900",""
"904680","11000 CEDAR AVENUE","SUITE 100","CLEVELAND","OH","United States","44106","N","216-658-3965",""
"877526","2000 SOUTH COLORADO BLVD.","TOWER ONE, SUITE 8000","DENVER","CO","United States","80222","N","303-758-3131","303-758-3293"
"903448","10000 MEMORIAL DRIVE","SUITE 550","HOUSTON","TX","United States","77024","N","7135792617","7135792611"
"895598","13317 DREWS DRIVE","","PATOMOC","MD","United States","20854","Y","240-683-4971","240-683-8349"
"900915","44 BRATTLE STREET","","CAMBRIDGE","MA","United States","02138","N","617-401-4512","650-529-8039"
"899512","MONTGELASSTR. 14","","MUNICH","","Germany","81679","N","4989 809131618","4989 378-28289"
"899512","PIAZZA GAE AULENTI 4","","MILAN","","Italy","20154","N","3902 94750100",""
"882052","224 S MICHIGAN AVENUE","SUITE 425","CHICAGO","IL","United States","60604","N","3123613520",""
"905808","BROOKFIELD PLACE","181 BAY STREET, SUITE 300","TORONTO, ONTARIO","","Canada","M5J 2T3","N","416-363-9491","416-365-9642"
"905808","RUA JOAQUIM FLORIANO, 466","8TH FLOOR, SUITE 801","SAO PAULO","","Brazil","04534-00","N","(11) 2165-6850",""
"906268","BROOKFIELD PLACE","181 BAY STREET, SUITE 300","TORONTO, ONTARIO","","Canada","M5J 2T3","N","416-363-9491","416-365-9642"
"906268","RUA JOAQUIM FLORIANO, 466","8TH FLOOR, SUITE 801","SAO PAULO","","Brazil","04534-00","N","(11) 2165-6850",""
"906239","AV. PRESIDENTE WILSON, 231","16TH FLOOR, SUITE 1602","RIO DE JANEIRO","","Brazil","20030-021","N","55 21 21736650","55 21 21736651"
"906239","AV. ENG. DOMINGOS FERREIRA, 2589","SUITE 202","RECIFE","","Brazil","51020-031","N","55 81 30926666","55 81 30926660"
"899470","AV. PRESIDENTE WILSON, 231","16TH FLOOR, SUITE 1602","RIO DE JANEIRO","","Brazil","20030-021","N","55 21 21736650","55 21 21736651"
"899470","AV. ENG. DOMINGOS FERREIRA, 2589","SUITE 202","RECIFE","","Brazil","51020-031","N","55 81 30926666","55 81 30926660"
"899416","AV. ENG. DOMINGOS FERREIRA, 2589","SUITE 202","RECIFE","","Brazil","51020-031","N","55 81 30926666","55 81 30926660"
"899416","AV. PRESIDENTE WILSON, 231","16TH FLOOR, SUITE 1602","RIO DE JANEIRO","","Brazil","20030-021","N","55 21 21736650","55 21 21736651"
"905195","2855 SAND HILL ROAD","","MENLO PARK","CA","United States","94025","N","617.431.6350",""
"888495","537 HAMILTON AVENUE","","PALO ALTO","CA","United States","94301","N","650-687-3800","650-687-3899"
"888495","TWO IFC, 8 CENTURY AVENUE","42F SUITE 14-15","PUDONG DISTRICT SHANGHAI","","China","200120","N","862161711120",""
"905337","3 DOESKIN PLACE","","BOSTON","MA","United States","01701","Y","508 788-6926",""
"899535","21 SACKVILLE STREET","FIRST FLOOR","LONDON","","United Kingdom","","N","44 20 7297 020","44 20 7297 029"
"904919","MAXIMILLIANSTRASSE 11","","MUENCHEN","","Germany","80539","N","498924441070",""
"898632","4225 EXECUTIVE SQUARE, SUITE 600","","LA JOLLA","CA","United States","92037","N","619-993-9077","858-300-5382"
"898632","650 FIFTH AVENUE, 31ST FLOOR","","NEW YORK","NY","United States","10019","N","212-616-9664",""
"881328","52-54 WELLINGTON STREET","803, 9/F SOMPTUEUX CENTRAL","HONG KONG","","Hong kong","","N","+85237520450","+85237520662"
"902249","3801 TWO INTERNATIONAL FINANCE CENTRE","8 FINANCE STREET,","CENTRAL","","Hong kong","","N","85238439300","85228439372"
"902249","2 BATTERY ROAD","#23-01 MAYBANK TOWER","SINGAPORE","","Singapore","049907","N","6562326300","6565320660"
"902249","29/F, ARK HILLS SENGOKUYAMA MORI TOWER","1-9-10 ROPPONGI MINATO-KU","TOKYO 106-0032","","Japan","","N","81355457200","81355457201"
"902249","UNIT 2601 TOWER 3 JING AN KERRY CENTRE","1228 YAN AN ROAD MIDDLE SHANGHAI","SHANGHAI 200040","","China","","N","862131359500","862131359499"
"902249","UNIT 2903-05A, TOWER 3, CHINA CENTRAL PLACE","NO. 77 JIAN GUO ROAD CHAOYANG DISTRICT","BEIJING","","China","","N","861059047300","861059047333"
"902249","UNIT 801, 8/F, PIRAMAL TOWERS PENINSULA CORPORATE","GANPATRAO KADAM MARG, LOWER PAREL (W)","MUMBAI","","India","","N","912261322800","912261322806"
"902249","ONE PACIFIC PLACE 11TH FLR SUDIRMAN CENTRAL BUS D","JL. JEND SUDIRMAN KAV 52-53","JAKARTA 12190","","Indonesia","","N","622129859514",""
"878057","TOWER 12 - LEVEL 10, 18/22 BRIDGE STREET","THE AVENUE, NORTH SPINNINGFIELDS","MANCHESTER","","United Kingdom","M3 3BZ","N","44 161 2336660","44 161 2336666"
"888101","C/O OCP ASIA (SINGAPORE) PTE. LTD","350 ORCHARD RD, #12-01/03 SHAW HOUSE","SINGAPORE","","Singapore","238868","N","6564039880","6564039878"
"892124","23, RUE FERDINAND HODLER","","GENEVA","","Switzerland","1207","N","+41 22 3 100 1","+41 22 3 100 3"
"892124","COASTAL BUILDING, 2ND FLOOR","WICKHAM'S CAY II","ROAD TOWN -TORTOLA","","British Virgin Islands","","N","+1 284 494 834","+1 284 494 693"
"900391","59 MAIDEN LANE 41ST FLOOR","","NEW YORK","NY","United States","10038","N","212-331-9548",""
"904960","SHATHA TOWER. TECOM FREE ZONE, OFFICE NO. 3307","DUBAI MEDIA CITY W1K 5JH","DUBAI","","United Arab Emirates","","N","+44 203 178 25","+44 203 178 25"
"905624","1000 CONTINENTAL DRIVE","SUITE 240","KING OF PRUSSIA","PA","United States","19406","N","610.989.8080",""
"904191","RAFIK B. HARIRI BUILDING, 37TH AND O STREETS, NW","ATTN: MARK MYKITYSHYN, GEORGETOWN BUSINESS SCHOOL","WASHINGTON","DC","United States","20057","N","404-875-9994",""
"904783","KAISERSTRAßE 7","","FRANKFURT","","Germany","60311","N","496921087687","496921087689"
"904528","601 GATEWAY BLVD. SUITE 350","","SOUTH SAN FRANCISCO","CA","United States","94080","N","650-553-3300","650-553-3301"
"906877","12400 COIT ROAD","SUITE 910","DALLAS","TX","United States","75251-2063","N","214-382-1915","214-382-1915"
"905060","10 TOWN SQUARE","SUITE 200","CHATHAM","NJ","United States","07928","N","973-635-2900","973-701-7772"
"903242","2705, NO 2 JIANGUOMENWAI AVENUE","","BEIJING","","China","100022","N","8610-85171799","8610-85171215"
"903242","2750 SAND HILL ROAD","","MENLO PARK","CA","United States","94025","N","6502332750","6502330300"
"899843","SUITE 805, TOWER E1, BEIJING ORIENTAL PLAZA OFFICE","1 EAST CHANG AN AVENUE","BEIJING","","China","100738","N","8610 8518-5686","8610 8515-1898"
"899843","1504, PH.1, SHANGHAI INTERNATIONAL COMMERCE CENTER","999 HUAI HAI ROAD (M)","SHANGHAI","","China","200031","N","8621 6335 1018","8621 6335 1919"
"907000","ROOM 1503, 1788 NANJING ROAD WEST","","SHANGHAI","","China","200040","N","+862132569922",""
"907000","10 COLLYER QUAY","#40-62, OCEAN FINANCIAL CENTRE","SINGAPORE","","Singapore","049315","N","+6568086288","+6568086299"
"907001","ROGERS HOUSE","5 PRESIDENT JOHN KENNEDY STREET","PORT LOUIS","","Mauritius","","N","+2304052000","+2302125265"
"905248","IFS COURT, TWENTYEIGHT, CYBERCITY","","EBENE","","Mauritius","","N","(230) 467 3000","(230) 467 4000"
"905248","ONE PACIFIC PLACE, 15TH FLOOR","JL. JEND. SUDIRMAN, KAV. 52-53","JAKARTA","","Indonesia","12190","N","62(21)25502529","62(21)25502555"
"905248","4TH FLOOR, ""SENANS SQUARE""","NO. 99, SANTHOME HIGH ROAD","CHENNAI","","India","600028","N","91(44)65551210",""
"907009","LMR PARTNERS LTD,SUITE 2201,  PROSPERITY TOWER","39 QUEENS ROAD CENTRAL","HONG KONG","","Hong kong","","N","+85237967054","+85237967000"
"907011","600 HANSEN WAY","SUITE 200","PALO ALTO","CA","United States","94304","N","650-843-3210",""
"903192","2200 BUTTS ROAD","","BOCA RATON","FL","United States","33431","N","561-721-4801",""
"897743","48 DOVER STREET","","LONDON","","United Kingdom","W1S 4FF","N","+4402036557860",""
"907884","645 BUENA VISTA WAY","","LAGUNA BEACH","CA","United States","92651","Y","949-923-1632",""
"907884","2107 PIERCE STREET #6","","SAN FRANCISCO","CA","United States","94115","Y","415-889-8884",""
"907884","128 ALVARADO RD.","","BERKELEY","CA","United States","94705","Y","510-684-4865",""
"908164","1922 THE ALAMEDA, SUITE 209","","SAN JOSE","CA","United States","95126","N","408-998-5438",""
"908176","TOWER 1, 30A ONE SILVER SEA","18 HOI FAI ROAD, TAI KOK TSUI","KOWLOON","","Hong kong","","N","+85225177232",""
"888049","2107 GLENCOE AVENUE","","VENICE","CA","United States","90291","Y","310-990-1439",""
"905554","GARDEN TOWERS","NEUE MAINZER STRASSE 46-50","60311 FRANKFURT  AM MAIN","","Germany","","N","+4969380756000","+4969380756001"
"905554","OLD BANK CHAMBERS","LA GRANDE RUE","ST MARTIN'S","","Guernsey","GY4 6RT","N","+441481231100","+441481233319"
"905554","4TH FLOOR ROYAL CHAMBERS","ST JULIANS AVENUE","ST PETER PORT","","Guernsey","GY1 3RD","N","+441481754690","+441481754680"
"906160","3865 19TH ST #2","","SAN FRANCISCO","CA","United States","94114","N","5083087226",""
"908436","410 PARK AVENUE","15TH FLOOR","NEW YORK","NY","United States","10022","N","646-660-3994",""
"908436","136 HEBER AVENUE","SUITE 204","PARK CITY","UT","United States","84060","N","435-655-3605",""
"909774","727 SANSOME ST.","3RD FLOOR","SAN FRANCISCO","CA","United States","94111","N","650-853-1700","650-853-1717"
"909774","20 CUSTOM HOUSE STREET","SUITE 830","BOSTON","MA","United States","02110","N","617-330-7872","617-330-7975"
"910558","3 PICKWICK PLAZA, SUITE 302","","GREENWICH","CT","United States","06830","N","203-226-8346","203-302-2176"
"910558","90 SOUTH SEVENTH STREET, SUITE 3890","","MINNEAPOLIS","MN","United States","55402","N","612-339-9322","612-337-8017"
"910558","525 UNIVERSITY AVENUE, SUITE 1300","","PALO ALTO","CA","United States","94301","N","650-614-3700","650-328-6345"
"895586","#16-03 MARINA BAY FINANCIAL CENTRE","TOWER-2, 10 MARINA BOULEVARD","SINGAPORE","","Singapore","018983","N","+65 6422 4500","+65 6422 4501"
"895586","111, THE TAJ PALACE","SARDAR PATEL MARG","NEW DELHI","","India","110021","N","911166118000","911166118020"
"895586","C/O MAPLES CORPORATE SERVICES LIMITED","PO BOX 309, UGLAND HOUSE","GRAND CAYMAN","","Cayman Islands","KY1-1104","N","1 345 949 8066","1 345 949 8080"
"908834","303 WYMAN STREET","SUITE 300","WALTHAM","MA","United States","02451-1208","N","617-300-8812","781-530-3605"
"912052","1380 W PACES FERRY RD NW","SUITE 1265","ATLANTA","GA","United States","30327-2465","N","404-220-9053",""
"912105","UNIT 18C, TRUST TOWER","68 JOHNSTON ROAD","WAN CHAI","","Hong kong","","N","+852 2650 5998",""
"893875","32 HABARZEL STREET, BUILDING B","2ND FLOOR","TEL AVIV","","Israel","","N","972 52 2599868",""
"893875","HATOMER 35","","SAVYON","","Israel","","N","972 52 2599868",""
"871686","12 MARINA VIEW","#21-01 ASIA SQUARE TOWER 2","SINGAPORE","","Singapore","018961","N","+65 6653 3488",""
"913055","2200 BUTTS ROAD","","BOCA RATON","FL","United States","33431","N","561-721-4801",""
"889732","SUITE 906-907,9F,TOWER H, PHOENIX PLACE","5A SHUGUANG XILI, CHAOYANG DISTRICT","BEIJING","","China","100028","N","861084554115","861084554119"
"889732","SUITE 801, 8/F CHINACHEM CENTURY TOWER","178 GLOUCESTER ROAD","WANCHAI","","Hong kong","","N","852.2151.8133","852.3585.0635"
"889732","SUITE 06, 9TH FLOOR, HI-TECH INFO PLAZA, #8","HUATIAN DAO, HUAYUAN INDUSTRY PARK","TIANJIN","","China","300384","N","862223708556",""
"889732","ROOM 1908, FULI YINGXIN PLAZA","28 HUAXIA ROAD, TIANHE DISTRICT","GUANGZHOU","","China","510620","N","862038686472",""
"913356","IM BREITSPIEL 11","","HEIDELBERG","","Germany","69126","N","49 6221 893760",""
"908416","NO. 8 JIANGUOMENBEI AVENUE","STE 1702, 17/F, DONGCHENG DISTRICT","BEIJING","","China","100005","N","8610-8519-2519",""
"908416","222 YAN AN ROAD EAST","SUITE 2501, BUND CENTER","SHANGHAI","","China","200002","N","8621-3135-2488",""
"908416","71 AYER RAJAH CRESCENT #05-05","","SINGAPORE","","Singapore","139951","N","65-6272-3250",""
"908416","NO. 76, 18F-2, TUN HUA SOUTH ROAD","SEC. 2","TAIPEI","","Taiwan,  Republic of China","","N","8862-2704-8018",""
"914879","P.O. BOX 464","","PHILOMONT","VA","United States","20131","Y","540-338-3595","612-376-2999"
"886917","201 SOUTH MAIN STREET, SUITE 900","","ANN ARBOR","MI","United States","48104-2113","N","734-274-2904","734-214-3006"
"915681","FLAT/ RM 2, 6/F, CHUNG WAI COMM BLDG","447-449 LOCKHART ROAD, CAUSEWAY BAY","HONG KONG","","Hong kong","","N","18621852663",""
"915681","ROOM 859 TOWER B, BUILDING NO. 1","977 SHANGFENG ROAD, PUDONG DISTRICT","SHANGHAI","","China","201201","N","86(21)50318996","86(21)50335377"
"916196","205 N. MICHIGAN AVE. STE 2930","","CHICAGO","IL","United States","60601-5924","N","(312) 574-1700",""
"915901","1025 CHERRY ROAD","","MEMPHIS","TN","United States","38117","N","901-818-0910","650-362-2174"
"915782","6836 BEE CAVES ROAD","SUITE 275","AUSTIN","TX","United States","78746","N","512-795-5871","972-767-4250"
"902175","LEVEL 9, CENTRAL BUILDING","1-3 PEDDER STREET","CENTRAL","","Hong kong","N/A","N","852-3796 7222","852-3975 2800"
"902175","SUITE 1701, SHUI ON PLAZA","333 HUAI HAI ZHONG ROAD","SHANGHAI","","China","200021","N","86(21)63850606","86(21)62376709"
"917093","C/O OCP ASIA (SINGAPORE) PTE. LTD","350 ORCHARD RD, #12-01/03 SHAW HOUSE","SINGAPORE","","Singapore","238868","N","6564039880","6564039878"
"916883","470 ATLANTIC AVENUE, 10TH FLOOR","","BOSTON","MA","United States","02210","N","617-761-6550","617-761-6552"
"913136","230 MATHERS ROAD","","AMBLER","PA","United States","19002","N","215-643-7170","215 643-7091"
"909978","505 FIFTH AVENUE","17 TH FLOOR","NEW YORK","NY","United States","10017","N","(212) 351-6140",""
"917946","230 MATHERS ROAD","","AMBLER","PA","United States","19002","N","215-643-7170","215 643-7091"
"911557","5752 OBERLIN DRIVE","","SAN DIEGO","CA","United States","92121","N","(212) 292-8316","(646) 829-9466"
"918051","TAUNUSANLAGE 16","","FRANKFURT","","Germany","D-60325","N","+49692470450","+4969247045122"
"918073","TAUNUSANLAGE 16","","FRANKFURT","","Germany","D-60325","N","+49692470450","+4969247045122"
"918090","TAUNUSANLAGE 16","","FRANKFURT","","Germany","D-60325","N","+49692470450","+4969247045122"
"918132","ROOM 1503, 1788 NANJING ROAD WEST","","SHANGHAI","","China","200040","N","+862132569922",""
"918132","10 COLLYER QUAY","#40-62, OCEAN FINANCIAL CENTRE","SINGAPORE","","Singapore","049315","N","+6568086288","+6568086299"
"918421","TORRE SERRANO","CALLE SERRANO, 47 10 - PLANTA","MADRID","","Spain","28001","N","+34629186930",""
"918421","WORLD TRADE CENTER SHIPHOL","H-TOWER, FLOOR 4, SHIPHOL BOULEVARD 355","SHIPHOL","","Netherlands","1118","N","+31205776670","+31205776679"
"918552","EXCHANGE WEST","SUITE 429","CHAPEL HILL","NC","United States","27517","N","650-796-8659",""
"918133","4, BUILDING 2, ROMANOV PER","","MOSCOW","","Russia","125009","N","+74954115300","+74954115301"
"917606","5TH FLOOR, YOUNG POONG BUILDING","41 CHEONGGYECHEON-RO, JONGRO-KU","SEOUL","","Korea, South","110-752","N","82 2 399 7773","82 2 399 7771"
"917606","SUITE 4002, 40TH FLOOR, ONE EXCHANGE SQUARE","8 CONNAUGHT PLACE","CENTRAL","","Hong kong","","N","852 3102 8329","852 3102 8321"
"917606","LEVEL 30, 363 GEORGE STREET","","SYDNEY","","Australia","2000","N","612 9299 0889","612 9299 0809"
"917606","10TH FLOOR, THE ENERGY BUILDING","SCBD LOT 11A, JL. JEND. SUDIRMAN KAV. 52-53","JAKARTA","","Indonesia","12190","N","6221 2995 1665","6221 2995 1666"
"917606","ROOM 1506, TOWER H, PHOENIX PLACE","JIA 5, SHUGUANGXILI, CHAOYANG DISTRICT","BEIJING","","China","100028","N","86 10 56320318","86 10 56383398"
"917606","8 TEMASEK BOULEVARD","#28-03 SUNTEC TOWER THREE","SINGAPORE","","Singapore","038988","N","65 6238 2260","65 6238 1290"
"918865","TOWER 1, 30A ONE SILVER SEA","18 HOI FAI ROAD, TAI KOK TSUI","KOWLOON","","Hong kong","","N","+85225177232",""
"916507","223 NORTH 7TH STREET","","BROOKLYN","NY","United States","11211","Y","925 787 4217",""
"919381","C/O OCP ASIA (SINGAPORE) PTE. LTD","350 ORCHARD RD, #12-01/03 SHAW HOUSE","SINGAPORE","","Singapore","238868","N","6564039880","6564039878"
"908875","ONE DOCK STREET SUITE 112","","STAMFORD","CT","United States","06902","N","(203) 930-7770",""
"917304","2719 E THIRD AVE","","DENVER","CO","United States","80206","N","303-726-7633",""
"919391","32 DUKE STREET ST JAMES'S","","LONDON","","United Kingdom","SW1Y 6DF","N","020 7292 2110","020 7292 2111"
"921326","1ST FLOOR, COMMERICAL ANNEX, HOTEL GRAND","NELSON MANDELA ROAD, VASANT KUNJ II","NEW DELHI","","India","110 070","N","911149800800",""
"921326","OKEANUS BUILDING","50 RAMAT YAM STREET","HERZLIYA PITUACH","","Israel","46851","N","97299561634",""
"921349","TOWER 1, 30A ONE SILVER SEA","18 HOI FAI ROAD, TAI KOK TSUI","KOWLOON","","Hong kong","","Y","+85225177232",""
"918928","101 S. TRYON STREET","SUITE 2620","CHARLOTTE","NC","United States","28280","N","704-626-6419",""
"923134","RUA JERÔNIMO DA VEIGA, 384, 11º ANDAR, ITAIM BIBI","","SÃO PAULO - SP","","Brazil","04536001","N","55 21 35269966","55 21 32069001"
"921325","30 RUE GALILEE","","PARIS","","France","75116","N","+33 1 47238862","+33 1 47238855"
"919608","3 PICKWICK PLAZA, SUITE 302","","GREENWICH","CT","United States","06830","N","203-226-8346","203-302-2176"
"919608","525 UNIVERSITY AVENUE, SUITE 1300","","PALO ALTO","CA","United States","94301","N","650-614-3700","650-328-6345"
"924303","3 PICKWICK PLAZA, SUITE 302","","GREENWICH","CT","United States","06830","N","203-226-8346","203-302-2176"
"924303","525 UNIVERSITY AVENUE, SUITE 1300","","PALO ALTO","CA","United States","94301","N","650-614-3700","650-328-6345"
"915800","PIAZZA DEL LIBERTY 8","","MILAN","","Italy","20121","N","+3927202571","+39272025780"
"926086","7TH FLOOR","90 LONG ACRE","LONDON","","United Kingdom","WC2E 9RA","N","+442033260350",""
"895846","1350 AVENUE OF THE AMERICAS","","NEW YORK","NY","United States","10019","N","646-731-2759","646-731-2739"
"913766","530 FIFTH AVENUE","22ND FLOOR","NEW YORK","NY","United States","10036","N","212 444-4100","212 444-4101"
"913766","470 ATLANTIC AVENUE","4TH FLOOR","BOSTON","MA","United States","02210","N","617 995-2000","617 995-2001"
"913766","34 FARNSWORTH STREET","3RD FLOOR","BOSTON","MA","United States","02210","N","617 995-2000","617 995-2001"
"927987","5TH FLOOR, YOUNG POONG BUILDING","41 CHEONGGYECHEON-RO, JONGRO-KU","SEOUL","","Korea, South","110-752","N","82 2 399 7773","82 2 399 7771"
"927987","SUITE 4002, 40TH FLOOR, ONE EXCHANGE SQUARE","8 CONNAUGHT PLACE","CENTRAL","","Hong kong","","N","852 3102 8329","852 3102 8321"
"927987","LEVEL 30, 363 GEORGE STREET","","SYDNEY","","Australia","2000","N","612 9299 0889","612 9299 0809"
"927987","10TH FLOOR, THE ENERGY BUILDING","SCBD LOT 11A, JL. JEND. SUDIRMAN KAV. 52-53","JAKARTA","","Indonesia","12190","N","6221 2995 1665","6221 2995 1666"
"927987","ROOM 1506, TOWER H, PHOENIX PLACE","JIA 5, SHUGUANGXILI, CHAOYANG DISTRICT","BEIJING","","China","100028","N","86 10 56320318","86 10 56383398"
"927987","8 TEMASEK BOULEVARD","#28-03 SUNTEC TOWER THREE","SINGAPORE","","Singapore","038988","N","65 6238 2260","65 6238 1290"
"927259","UNIT 4605-6, THE CENTER","99 QUEEN'S ROAD CENTRAL","HONG KONG","","Hong kong","","N","+852 2851 8055",""
"928914","52-54 WELLINGTON STREET","803, 9/F SOMPTUEUX CENTRAL","HONG KONG","","Hong kong","","N","+85237520450","+85237520662"
"929005","1370 AVENUE OF THE AMERICAS","#2915","NEW YORK","NY","United States","10019","N","6465025750",""
"929128","NO.21/8,CRAIG PARK LAYOUT,","OFF MG ROAD","BANGALORE","","India","560001","N","+91-80-433566",""
"929128","CALLE 100 #8A-55","TORRE C, PISO 10","BOGOTA","","Colombia","","N","+57-1-646-7376",""
"926993","44 BRATTLE STREET","","CAMBRIDGE","MA","United States","02138","N","617-401-4512","650-529-8039"
"928061","UNIT 3607-3608, THE CENTER, NO989, CHANGLE ROAD","","SHANGHAI","","China","200031","N","00862154668282","00862154661250"
"927647","1345 AVENUE OF THE AMERICAS, 2ND FL.","","NEW YORK","NY","United States","10105-0014","N","646-502-6065",""
"924553","INDIQUBE - ALPHA, FLOOR 2, WING B2","KADUBISANAHALLI VILLAGE, VARTHUR HOBLI, OUTER RING","BANGALORE","","India","560103","N","91.80.42613300","91.80.42613400"
"930191","UNIT 08, 8/F, ONE ISLAND SOUTH","NO. 2 HEUNG YIP ROAD","WONG CHUK HANG","","Hong kong","","N","+852-98377535",""
"906413","WASHINGTON PLAZA - BATIMENT ARTOIS","44 RUE DE WASHINGTON","75008 PARIS","","France","","N","+442077433000","+442077431000"
"906413","SQUARE DE MEEUS 35, 1ST FLOOR","","1000 BRUSSELS","","Belgium","","N","+442077433000","+442077431000"
"906413","HARBOUR HOUSE","SUNDKROGSGADE","2100 COPENHAGEN","","Denmark","","N","+442077433000","+442077431000"
"906413","OPERA TOWER BOCKENHEIMER","LANDSTRASSE 2-4, 23RD FLOOR","D-60306 FRANKFURT","","Germany","","N","+442077433000","+442077431000"
"906413","MAX-JOSEPH-STRASSE 6","","D-80333 MUNICH","","Germany","","N","+442077433000","+442077431000"
"906413","PLAZA PABLO RUIZ PICASSO NO1","TORRE PICASSO, 14TH FLOOR","MADRID 28020","","Spain","","N","+442077433000","+442077431000"
"906413","VIA BRERA 3/5","","MILAN","","Italy","","N","+442077433000","+442077431000"
"906413","MASTER SAMUELSGATAN 1","BOX 609","114 11 STOCKHOLM","","Sweden","","N","+442077433000","+442077431000"
"906413","GRABEN 19/9","","VIENNA 1010","","Austria","","N","+442077433000","+442077431000"
"906413","DAGO CENTRUM 2ND FLOOR","RONDO ONZ 1","WARSAW","","Poland","","N","+442077433000","+442077431000"
"906413","REGUS CONVENTION TOWERS","HEERENGRACHT AND COEN, STEYTLER STREET","CAPETOWN","","South Africa","8001","N","44 131 472 720",""
"906413","LAGOUMITZI 24","","KALLITHEA","","Greece","17671","N","44 131 472 720",""
"906413","EXCHANGE PLACE ONE","1 SEMPLE STREET","EDINBURGH","","United Kingdom","EH3 8BL","N","+44 314727200",""
"906413","REMBRANDT TOWER, AMSTELPLEIN 1","1096 HA AMSTERDADM","NETHERLANDS","","Netherlands","","N","+442077433000","+442077431000"
"906422","1000 SHERBROOKE STREET WEST","SUITE 1730","MONTREAL, QUEBEC","","Canada","H3A 3G4","N","514 8435128",""
"930604","1370 AVENUE OF THE AMERICAS","#2915","NEW YORK","NY","United States","10019","N","6465025750",""
"923118","2001, AGRICULTURAL BANK OF CHINA","50 CONNAUGHT ROAD, CENTRAL","HONG KONG","","Hong kong","","N","852-37270300","852-34285700"
"923118","SUITE 1206, ONE LUJIAZUI","68 YIN CHENG ROAD","SHANGHAI","","China","200120","N","86-21-50106188","86-21-50106162"
"923413","SUITE 1206, ONE LUJIAZUI","68 YIN CHENG ROAD (C)","SHANGHAI","","China","200120","N","86-21-50106188","86-21-50106162"
"923413","2001, AGRICULTURAL BANK OF CHINA TOWER","50 CONNAUGHT ROAD CENTRAL","HONG KONG","","Hong kong","","N","852-37270300","852-34285700"
"914262","LIMEGROVE CENTRE, 1ST FLOOR","","HOLETOWN, ST. JAMES","","Barbados","BB 24016","N","246 432 4000","246 432 4004"
"914262","BOUNDARY HALL","CRICKETS SQUARE","GRAND CAYMAN","","Cayman Islands","KY1-1102","N","345.945.7099","345.945.7100"
"930668","CAPITAL PLACE, 8TH FLOOR","6 THAI VAN LUNG, DISTRICT 1","HO CHI MINH CITY","","Vietnam","70000","N","+84838273161","+84838273162"
"930668","HAREC BUILDING, 12TH FLOOR","4A LANG HA STREET, BA DINH DISTRICT","HANOI","","Vietnam","70000","N","+84437724888","+84437724868"
"929266","NO 159 RAINBOW RESIDENCY","SARJAPURA ROAD","BANGALORE","","India","560 035","Y","91 98 45171530",""
"924433","4306 YOAKUM BOULEVARD","SUITE 360","HOUSTON","TX","United States","77006","N","281-407-4845",""
"930474","MAXIMILIANSTRASSE 13","80539","MUNICH","","Germany","","N","49 89203006310","44 207 5182801"
"930474","STANDVAGEN 7A","","STOCKHOLM","","Sweden","114 56","N","44 207 5182811","44 207 5182801"
"928965","TRINITY HALL","LA PROFONDE RUE","TRINITY","","Jersey","JE3 5BF","N","+44-1534867013",""
"928965","AVENUE ALFRED-CORTOT 7D","NYON - 5TH FLOOR","NYON","","Switzerland","1260","N","+44-2072272700","+44-2072272799"
"930517","54 LAFAYETTE PLACE","","GREENWICH","CT","United States","06830","N","212.716.2650",""
"930672","UNIT 902, 9TH FLOOR","TOWER 2A, ONE INDIABULLS CENTER, ELPHINSTONE (W)","MUMBAI","","India","400 013","N","+ 912267431009",""
"930672","UNIT 203A, SECOND FLOOR","ABW TOWER","GURGAON","","India","122001","N","+01244227142",""
"930504","KONIGSALLEE 14","","DUSSELDORF","","Germany","40212","N","+4921113866161","+492111386677"
"903446","18 AVENUE D'OUCHY","","LAUSANNE","","Switzerland","CH-1006","N","+41 21 614 35",""
"918179","RUA IGUATEMI 192/CJ.","191, ITAIM BIBI","SAO PAULO","","Brazil","SP 01451010","N","55(11)30740920",""
"926388","3 DOESKIN PLACE","","BOSTON","MA","United States","01701","Y","508 788-6926",""
"930873","610 NEWPORT CENTER DRIVE","SUITE 1220","NEWPORT BEACH","CA","United States","92660","N","(949) 209-6202","(949) 209-2629"
"932213","4 GROSVENOR PLACE","","LONDON","","United Kingdom","SW4X 7HJ","N","02030063660","02030063640"
"928727","151 S. OLD WOODWARD, SUITE 400","","BIRMINGHAM","MI","United States","48009","N","248-554-4900","248-554-4909"
"917613","3825 ASPEN HOLLOW","","RENO","NV","United States","89521","Y","775-247-5362",""
"930739","14 GOLDEN SQUARE","","LONDON","","United Kingdom","W1F 9JF","N","44 20 71834327",""
"927265","RUE D'ITALIE 10","","GENEVA","","Switzerland","1204","N","41 22 884 0600",""
"928107","3 COLUMBUS CIRCLE, SUITE 604","","NEW YORK","NY","United States","10019","N","(212) 247-4590","(212) 247-4801"
"928107","19925 STEVENS CREEK BLVD","","CUPERTINO","CA","United States","95014","N","(408) 973-7861","(408) 973-7261"
"932275","153 TOWNSEND STREET","9TH FLOOR","SAN FRANCISCO","CA","United States","94107","N","4155194707","4159313166"
"907545","ONE MARITIME","SUITE 1610","SAN FRANCISCO","CA","United States","94111","N","415-872-3900",""
"907193","L6, 50 MARTIN PLACE","","SYDNEY","","Australia","2000","N","+612 8232 3333","+612 8232 4713"
"929172","601 BRICKELL KEY DRIVE","SUITE 501","MIAMI","FL","United States","33131","N","917.388.3055","866.529.3291"
"918725","165 PAK TO AVENUE","","SAIKUNG, NEW TERRITORRIES","","Hong kong","","Y","28140299",""
"932322","LEVEL 29, 35 COLLINS PLACE","","MELBOURNE","","Australia","VIC 3000","N","612-9257-7027",""
"932322","ALMOAYYED TOWER, SUITE 2113, 21ST FLOOR","BUILDING 2504, ROAD 2832, BLOCK 428, AL SEEF DISTR","MANAMA","","Bahrain","","N","+973 1756 8168",""
"932184","1 CIRCLE STAR WAY","4TH FLOOR","SAN CARLOS","CA","United States","94070","N","617-928-9300",""
"932184","RM 806 EAST TOWN BUILDING","41 LOCKHART ROAD","WANCHAI","","Hong kong","","N","852-3141-4183",""
"932184","130 WEST 25TH STREET","8TH FLOOR","NEW YORK","NY","United States","10001","N","617-928-9300","617-928-9304"
"932278","165 PAK TO AVENUE","","SAIKUNG, NEW TERRITORY","","Hong kong","","Y","28140299",""
"931017","301 CARSON PARKWAY, SUITE 110","","MINNETONKA","MN","United States","55305","N","952-995-7450","952-995-7493"
"932392","TORRE SERRANO","CALLE SERRANO, 47 10 - PLANTA","MADRID","","Spain","28001","N","+34629186930",""
"932392","WORLD TRADE CENTER SHIPHOL","H-TOWER, FLOOR 4, SHIPHOL BOULEVARD 355","SHIPHOL","","Netherlands","1118","N","+31205776670","+31205776679"
"924450","4TH FLOOR, 16 ST JAMES'S STREET","","LONDON","","United Kingdom","SW1A 1ER","N","+442070246900",""
"924450","333 BUSH STREET","SUITE 2250","SAN FRANCISCO","CA","United States","94104","N","4153912474",""
"932673","10 GRESHAM STREET","","LONDON","","United Kingdom","EC2V 7AE","N","02076261500",""
"933477","SUITES 1702-03, 17/F, ONE EXCHANGE SQUARE","","HONG KONG","","Hong kong","","N","852 2801 6988",""
"933477","#27-01A,SUNTEC TOWER 2, 9 TEMASEK BOULEVARD","","SINGAPORE","","Singapore","038989","N","65-68849558",""
"926386","435 TASSO STREET","SUITE 315","PALO ALTO","CA","United States","94301","N","650-513-2004",""
"930954","4514 COLE AVE","SUITE 1225","DALLAS","TX","United States","75205","N","972-510-5705",""
"934314","54 LAFAYETTE PLACE","","GREENWICH","CT","United States","06830","N","212.716.2650",""
"930159","300 - 70 YORK STREET","","TORONTO, ONTARIO","","Canada","M5J 1S9","N","4168688500","4163616345"
"930159","3RD FLOOR, 885 WEST GEORGIA STREET","","VANCOUVER, BC","","Canada","V6C 3E8","N","6042571081","6042571049"
"930159","300 - 2001 MCGILL COLLEGE AVENUE","","MONTREAL, QUEBEC","","Canada","H3A 1G1","N","5148611151","5148611026"
"925303","ONE FEDERAL STREET","37TH FLOOR","BOSTON","MA","United States","02110","N","617-918-4000","617-918-4117"
"934774","WASHINGTON PLAZA - BATIMENT ARTOIS","44 RUE DE WASHINGTON","75008 PARIS","","France","","N","+442077433000","+442077431000"
"934774","SQUARE DE MEEUS 35, 1ST FLOOR","","1000 BRUSSELS","","Belgium","","N","+442077433000","+442077431000"
"934774","HARBOUR HOUSE","SUNDKROGSGADE","2100 COPENHAGEN","","Denmark","","N","+442077433000","+442077431000"
"934774","OPERA TOWER BOCKENHEIMER","LANDSTRASSE 2-4, 23RD FLOOR","D-60306 FRANKFURT","","Germany","","N","+442077433000","+442077431000"
"934774","MAX-JOSEPH-STRASSE 6","","D-80333 MUNICH","","Germany","","N","+442077433000","+442077431000"
"934774","PLAZA PABLO RUIZ PICASSO NO1","TORRE PICASSO, 14TH FLOOR","MADRID 28020","","Spain","","N","+442077433000","+442077431000"
"934774","VIA BRERA 3/5","","MILAN","","Italy","","N","+442077433000","+442077431000"
"934774","MASTER SAMUELSGATAN 1","BOX 609","114 11 STOCKHOLM","","Sweden","","N","+442077433000","+442077431000"
"934774","GRABEN 19/9","","VIENNA 1010","","Austria","","N","+442077433000","+442077431000"
"934774","DAGO CENTRUM 2ND FLOOR","RONDO ONZ 1","WARSAW","","Poland","","N","+442077433000","+442077431000"
"934774","REGUS CONVENTION TOWERS","HEERENGRACHT AND COEN, STEYTLER STREET","CAPETOWN","","South Africa","8001","N","44 131 472 720",""
"934774","LAGOUMITZI 24","","KALLITHEA","","Greece","17671","N","44 131 472 720",""
"934774","EXCHANGE PLACE ONE","1 SEMPLE STREET","EDINBURGH","","United Kingdom","EH3 8BL","N","+44 314727200",""
"934774","REMBRANDT TOWER, AMSTELPLEIN 1","1096 HA AMSTERDADM","NETHERLANDS","","Netherlands","","N","+442077433000","+442077431000"
"935002","2225 THIRD ST","","SAN FRANCISCO","CA","United States","94107","N","4123223300",""
"935247","P.O. BOX 5311","","EVANSTON","IL","United States","60204-5311","N","(847) 425-9062","847-676-2553"
"934848","LEVEL 16, NO. 207, SECTION 2","DUN HUA SOUTH ROAD","TAIPEI","","Taiwan,  Republic of China","106","N","886-287-220-05",""
"932374","15F AIA CENTRAL BUILDING","1 CONNAUGHT ROAD, CENTRAL","HONG KONG","","Hong kong","","N","852-37193306","852-29180881"
"932374","TORANOMON TOWERS OFFICE 20F","4-1-28 TORANOMON, MINATO-KU","TOKYO","","Japan","105-0001","N","813-57761300",""
"932374","4501, TOWER 2, PLAZA 66","1366 NANJING ROAD WEST","SHANGHAI","","China","200040","N","8621-62883788","8621-61135806"
"932374","2405, TOWER 2, CHINA CENTRAL PLACE","79 JIANGUO ROAD, CHAOYANG DISTRICT","BEIJING","","China","100025","N","8610-85882998","8610-85882996"
"932374","32F AIA CENTRAL BUILDING","1 CONNAUGHT ROAD","HONG KONG","","Hong kong","","N","852-37193300",""
"932374","UNIT 2604, HANTANG BUILDING","OVERSEAS CHINA TOWN, NANSHAN DISTRICT","SHENZHEN","","China","518053","N","86-75526543900","86-75526543909"
"936464","TWO HARRISON STREET","SUITE 180","SAN FRANCISCO","CA","United States","94105","N","415-348-8868",""
"936563","UNIT 203A, SECOND FLOOR","ABW TOWER","GURGAON","","India","122001","N","+01244227142",""
"936563","UNIT 902, 9TH FLOOR","TOWER 2A, ONE INDIABULLS CENTER, ELPHINSTONE (W)","MUMBAI","","India","400 013","N","+ 912267431009",""
"936558","IFS COURT, BANK STREET, TWENTYEIGHT, CYBERCITY","","EBENE","","Mauritius","","N","(230) 467 3000","(230) 467 4000"
"936558","ONE PACIFIC PLACE, 15TH FLOOR","JL. JEND. SUDIRMAN, KAV. 52-53","JAKARTA","","Indonesia","12190","N","62(21)25502529","62(21)25502555"
"936558","4TH FLOOR, ""SENANS SQUARE""","NO. 99, SANTHOME HIGH ROAD","CHENNAI","","India","600028","N","91(44)65551210",""
"938508","190 ELGIN AVENUE","GEORGE TOWN, GRAND CAYMAN,","GRAND CAYMAN","","Cayman Islands","KY1-9005","N","345 943 3100","345 945 4757"
"928861","7280 WEST PALMETTO PARK ROAD","SUITE 303-N","BOCA RATON","FL","United States","33433-3423","N","212-726-2644",""
"934978","82 KING STREET","","MANCHESTER","","United Kingdom","M2 4WQ","N","441619358018",""
"934418","10 CLARK LANE","","RYE","NY","United States","10580","Y","+1 925 787 421",""
"934640","223 NORTH 7TH STREET","","BROOKLYN","NY","United States","11211","Y","925 787 4217",""
"938521","225 FRANKLIN STREET 26TH FLOOR","","BOSTON","MA","United States","02110","N","6172172840",""
"927529","IMARA ASSET MANAGEMENT LIMITED","LEVEL 12 | TOWER 1 | NEXTERACOM","CYBERCITY, EBENE","","Mauritius","72201","N","230 4672388","230 4672740"
"939819","UNIT 1, LEVEL 10, TOWER W2 ,NO.1 EAST CHANG AN AVE","","BEIJING","","China","","N","10-8515 1180","10-8515 1179"
"939819","1-1-7 UCHISAIWAICHO, CHIYODA-KU","","TOKYO","","Japan","100-0011","N","3- 3580 1451","3- 3580 5840"
"939819","CITIGROUP TOWER, 33 HUAYUANSHIQIAO ROAD","","SHANGHAI","","China","","N","21-12345678",""
"939986","201 SANTA MONICA BLVD.","SUITE 450","SANTA MONICA","CA","United States","90401","N","4243227084",""
"938929","35 PORTMAN SQUARE","","LONDON","","United Kingdom","35 PORTMAN","N","44 20 33268666","44 20 30700067"
"928583","AV. CIDADE JARDIM 803, CJ 62","","SAO PAULO","","Brazil","01453000","N","+551138180897","+551138180897"
"940606","225 FRANKLIN STREET 26TH FLOOR","","BOSTON","MA","United States","02110","N","6172172840",""
"940776","2881 EAST OAKLAND PARK BLVD","","FT LAUDERDALE","FL","United States","33306","N","614-360-2001",""
"936707","42 WIGMORE STREET","","LONDON","","United Kingdom","W1U 2Y","N","4402032017500",""
"938883","P.O. BOX 472","50 TOWN RANGE","GIBRALTAR","","Gibraltar","","N","350-20040000",""
"940850","10 WITHERELL ST. , SUITE 3001","","DETROIT","MI","United States","48226","N","313-202-9188","313-769-4004"
"938630","1170 AVENUE OF THE AMERICAS","SUITE 4100","NEW YORK","NY","United States","10036","N","(908) 363-6000",""
"941268","564 UNIVERSITY AVENUE","","PALO ALTO","CA","United States","95126","N","6506185900","6506185950"
"941268","295 LAFAYETTE STREET","SUITE 703","NEW YORK","NY","United States","10012","N","347-334-6533",""
"938504","1501 TOWER B GREENLAND CENTER","NO.4 WANGJING DONGYUAN","BEIJING","","China","","N","+861052388080",""
"940528","C/O MAPLES AND CALDER, 121 UGLAND HOUSE","SOUTH CHURCH STREET","GRAND CAYMAN","","Cayman Islands","KY1-1104","N","(345) 949-8066","(345) 949-8080"
"941626","1170 AVENUE OF THE AMERICAS","SUITE 4100","NEW YORK","NY","United States","10036","N","(908) 363-6000",""
"941900","1401 LOS GAMOS DR.","SUITE 1401","SAN RAFAEL","CA","United States","94903","N","415-446-2300","415-446-2301"
"942472","1501 TOWER B GREENLAND CENTER","NO.4 WANGJING DONGYUAN","BEIJING","","China","","N","+861052388080",""
"942565","10 WITHERELL ST. , SUITE 3001","","DETROIT","MI","United States","48226","N","313-202-9188","313-769-4004"
"936253","54 LAFAYETTE PLACE","","GREENWICH","CT","United States","06830","N","212.716.2650",""
"941513","410 PARK AVENUE","15TH FLOOR","NEW YORK","NY","United States","10022","N","646-660-3994",""
"941513","136 HEBER AVENUE","SUITE 204","PARK CITY","UT","United States","84060","N","435-655-3605",""
"940457","1000 SHERBROOKE STREET WEST","SUITE 1730","MONTREAL, QUEBEC","","Canada","H3A 3G4","N","514 8435128",""
"942972","252 WEST MARION AVENUE #1129","","PUNTA GORDA","FL","United States","33950","N","9413478609","6178300024"
"942972","2330 WEST OAKFIELD ROAD","PO BOX 248","GRAND ISLAND","NY","United States","14072-0248","Y","6176583024","6178300024"
"945230","5 LLOYDS AVENUE","3RD FLOOR","LONDON","","United Kingdom","EC3N 3AE","N","+442079771273",""
"942591","WASHINGTON PLAZA - BATIMENT ARTOIS","44 RUE DE WASHINGTON","75008 PARIS","","France","","N","+442077433000","+442077431000"
"942591","SQUARE DE MEEUS 35, 1ST FLOOR","","1000 BRUSSELS","","Belgium","","N","+442077433000","+442077431000"
"942591","HARBOUR HOUSE","SUNDKROGSGADE","2100 COPENHAGEN","","Denmark","","N","+442077433000","+442077431000"
"942591","OPERA TOWER BOCKENHEIMER","LANDSTRASSE 2-4, 23RD FLOOR","D-60306 FRANKFURT","","Germany","","N","+442077433000","+442077431000"
"942591","MAX-JOSEPH-STRASSE 6","","D-80333 MUNICH","","Germany","","N","+442077433000","+442077431000"
"942591","PLAZA PABLO RUIZ PICASSO NO1","TORRE PICASSO, 14TH FLOOR","MADRID 28020","","Spain","","N","+442077433000","+442077431000"
"942591","VIA BRERA 3/5","","MILAN","","Italy","","N","+442077433000","+442077431000"
"942591","MASTER SAMUELSGATAN 1","BOX 609","114 11 STOCKHOLM","","Sweden","","N","+442077433000","+442077431000"
"942591","GRABEN 19/9","","VIENNA 1010","","Austria","","N","+442077433000","+442077431000"
"942591","DAGO CENTRUM 2ND FLOOR","RONDO ONZ 1","WARSAW","","Poland","","N","+442077433000","+442077431000"
"942591","REGUS CONVENTION TOWERS","HEERENGRACHT AND COEN, STEYTLER STREET","CAPETOWN","","South Africa","8001","N","44 131 472 720",""
"942591","LAGOUMITZI 24","","KALLITHEA","","Greece","17671","N","44 131 472 720",""
"942591","EXCHANGE PLACE ONE","1 SEMPLE STREET","EDINBURGH","","United Kingdom","EH3 8BL","N","+44 314727200",""
"942591","REMBRANDT TOWER, AMSTELPLEIN 1","1096 HA AMSTERDADM","NETHERLANDS","","Netherlands","","N","+442077433000","+442077431000"
"944974","5410 MARDEN DRIVE","","DAVIS","CA","United States","95618","Y","530-759-9918","530-759-9918"
"945609","5410 MARDEN DRIVE","","DAVIS","CA","United States","95618","Y","530-759-9918","530-759-9918"
"945610","5410 MARDEN DRIVE","","DAVIS","CA","United States","95618","Y","530-759-9918","530-759-9918"
"945678","TWO EXCHANGE SQUARE, LEVEL 8","8 CONNAUGHT PLACE, CENTRAL","HONG KONG","","China","","N","+852 2297 2297",""
"934779","3000 SAND HILL RD.","BUILDING 3, SUITE 105","MENLO PARK","CA","United States","94025","N","415.738.7944","415.684.7294"
"943261","29 ST GEORGE STREET","","LONDON","","United Kingdom","W1S 2FA","N","02077585900","02077585901"
"943261","6 CANNING STREET","ATHOLL EXCHANGE","EDINBURGH","","United Kingdom","","N","0131 209 7770",""
"938497","6 BATTERY ROAD","#12-08","SINGAPORE","","Singapore","049909","N","+656576 9197",""
"946499","HALDENSTRASSE 5","","BAAR","","Switzerland","6342","N","41 41 768 03 2",""
"945874","SHATHA TOWER, TECOM FREE ZONE, OFFICE NO. 3307","DUBAI MEDIA CITY","DUBAI","","United Arab Emirates","W1K 5JH","N","+44 203 178 25","+44 203 178 25"
"946944","RUE D'ITALIE 10","","GENEVA","","Switzerland","1204","N","41 22 884 0600",""
"946982","STARBENCH JLT, UNIT 30-01-1793","BUILDING 3, THIRD FLOOR, DMCC BUSINESS CENTER, JLT","DUBAI","","United Arab Emirates","","N","+44 203 178 25","+44 203 178 25"
"947145","SUITE 805, TOWER E1, BEIJING ORIENTAL PLAZA OFFICE","1 EAST CHANG AN AVENUE","BEIJING","","China","100738","N","8610 8518-5686","8610 8515-1898"
"947145","1504, PH.1, SHANGHAI INTERNATIONAL COMMERCE CENTER","999 HUAI HAI ROAD (M)","SHANGHAI","","China","200031","N","8621 6335 1018","8621 6335 1919"
"947199","184 HIGH STREET, 3RD FLOOR","","BOSTON","MA","United States","02110-3020","N","410-752-5900","857-991-1720"
"946908","MAXIMILLIANSTRASSE 11","","MUENCHEN","","Germany","80539","N","498924441070",""
"947203","184 HIGH STREET, 3RD FLOOR","","BOSTON","MA","United States","02110-3020","N","410-752-5900","857-991-1720"
"943634","470 ATLANTIC AVENUE, 10TH FLOOR","","BOSTON","MA","United States","02210","N","617-761-6550","617-761-6552"
"940246","435 TASSO STREET","SUITE 315","PALO ALTO","CA","United States","94301","N","6505132004",""
"940246","48 NIVEN ROAD","","SINGAPORE","","Singapore","228396","N","65 9677 9370",""
"948046","MAXIMILLIANSTRASSE 11","","MUENCHEN","","Germany","80539","N","498924441070",""
"948536","P.O. BOX 464","","PHILOMONT","VA","United States","20131","Y","540-338-3595","612-376-2999"
"945397","2, AVENUE DU BOUCHET, CP 180","","1211 GENEVA 28","","Switzerland","1211","N","+41228074112","+41228074089"
"945397","BUREAU DE REPRÉSENTATION DE ZÜRICH","DREIKÖNIGSTRASSE 31 A","ZÜRICH","","Switzerland","8002","N","+41445678000",""
"945397","37A AVENUE J.-F. KENNEDY","","LUXEMBOURG","","Luxembourg","1855","N","352 27 17 62 1",""
"948855","600 HANSEN WAY","","PALO ALTO","CA","United States","94304","N","435-200-1051","435-200-1051"
"936097","360 THAMES STREET","SUITE 4A","NEWPORT","RI","United States","02840","N","401-845-6626","401-845-2200"
"946714","80 RAFFLES PLACE","#57-01A UOB PLAZA 1","SINGAPORE","","Singapore","048624","N","+6566541750","+6566541735"
"943943","299 PARK AVENUE","6TH FLOOR","NEW YORK CITY","NY","United States","10171","N","+1646681490",""
"947483","2250 GREEN STREET","UNIT 2","SAN FRANCISCO","CA","United States","94123","Y","(214) 303-1112",""
"949184","2000 MCKINNEY AVENUE","STE 1200","DALLAS","TX","United States","75201-2013","N","(972) 630-6303","(214) 954-9995"
"949184","ONE WESTMINSTER PLACE","STE 108","LAKE FOREST","IL","United States","60045-5511","N","(847) 295-4214","(847) 574-5850"
"949194","ONE WESTMINSTER PLACE","STE 108","LAKE FOREST","IL","United States","60045-5511","N","(847) 295-4214","(847) 574-5850"
"949194","9225 LAKE HEFNER PARKWAY","STE 200","OKLAHOMA CITY","OK","United States","73120-2061","N","(405) 231-2400","(405) 231-2406"
"949282","600 HANSEN WAY","","PALO ALTO","CA","United States","94304","N","435-200-1051","435-200-1051"
"949302","600 HANSEN WAY","","PALO ALTO","CA","United States","94304","N","435-200-1051","435-200-1051"
"945256","1000 SHERBROOKE STREET WEST","SUITE 1730","MONTREAL, QUEBEC","","Canada","H3A 3G4","N","514 8435128",""
"948080","AYORA CAPITAL MANAGEMENT LLP","ST ALBANS HOUSE, 57-59 HAYMARKET","LONDON","","United Kingdom","SW1Y 4QX","N","020 3757 4861",""
"948080","HSE CAPITAL MANAGEMENT LLP","ST ALBANS HOUSE, 57-59 HAYMARKET","LONDON","","United Kingdom","SW1Y 4QX","N","020 3757 4882",""
"948080","PAGLIARO CAPITAL MANAGEMENT LLP","ST ALBANS HOUSE, 57-59 HAYMARKET","LONDON","","United Kingdom","SW1Y 4QX","N","020 3757 4871",""
"948080","SELWOOD ASSET MANAGEMENT LLP","55 BRYANSTON STREET","LONDON","","United Kingdom","W1H 7AA","N","020 7868 22",""
"948080","RBH CAPITAL MANAGEMENT LLP","ST ALBANS HOUSE, 57-59 HAYMARKET","LONDON","","United Kingdom","SW1Y 4QX","N","000 0000 0000",""
"949342","111 8TH AVENUE","16TH FLOOR","NEW YORK","NY","United States","10011","N","212-776-1912",""
"949342","2 JACK LONDON ALLEY","","SAN FRANCISCO","CA","United States","94107","N","415-354-1752",""
"949342","505 HAMILTON, SUITE 110","","PALO ALTO","CA","United States","94301","N","650-614-4800",""
